combine_id,date,combine_score,estimated_handicap,target,target_score,shot,row_type,score,club_speed,ball_speed,spin_rate,attack_angle,carry,total,side,from_pin
,,,,yds,,,,,mph,mph,rpm,deg,yds,yds,yds(+R/-L),ft
20250402,2025-04-02,65.2,8.0,60,66.0,1,shot,57.0,69.4,62.9,10416.0,-1.8,66.5,67.4,-2.6,20.8
20250402,2025-04-02,65.2,8.0,60,66.0,2,shot,95.0,71.7,59.6,9800.0,-4.2,61.3,62.6,0.5,4.1
20250402,2025-04-02,65.2,8.0,60,66.0,3,shot,94.0,70.7,58.2,9780.0,-1.6,58.7,59.0,0.8,4.6
20250402,2025-04-02,65.2,8.0,60,66.0,4,shot,0.0,70.3,68.9,7886.0,-0.8,76.8,79.7,-6.3,53.2
20250402,2025-04-02,65.2,8.0,60,66.0,5,shot,67.0,69.4,62.2,9451.0,-2.8,65.5,66.8,-0.6,16.6
20250402,2025-04-02,65.2,8.0,60,66.0,6,shot,83.0,68.5,56.9,10249.0,-4.8,56.9,57.9,0.8,9.5
20250402,2025-04-02,65.2,8.0,60,66.0,,average,66.0,70.0,61.4,9597.0,-2.7,64.3,65.6,-1.2,18.1
20250402,2025-04-02,65.2,8.0,70,63.5,1,shot,90.0,65.4,65.6,8086.0,-2.0,71.7,76.3,-1.8,7.3
20250402,2025-04-02,65.2,8.0,70,63.5,2,shot,52.0,60.7,69.6,7612.0,-3.2,78.7,84.1,-2.2,26.9
20250402,2025-04-02,65.2,8.0,70,63.5,3,shot,54.0,59.1,66.8,6863.0,-2.8,73.4,81.4,-8.0,25.6
20250402,2025-04-02,65.2,8.0,70,63.5,4,shot,50.0,61.7,69.9,8008.0,-4.0,79.1,83.5,2.2,27.9
20250402,2025-04-02,65.2,8.0,70,63.5,5,shot,81.0,58.3,66.9,7375.0,-3.8,74.0,80.3,-0.8,12.1
20250402,2025-04-02,65.2,8.0,70,63.5,6,shot,54.0,55.3,59.8,7914.0,-3.6,61.5,67.0,-0.7,25.6
20250402,2025-04-02,65.2,8.0,70,63.5,,average,63.5,60.1,66.5,7643.0,-3.2,73.1,78.8,-1.9,20.9
20250402,2025-04-02,65.2,8.0,80,63.2,1,shot,77.0,66.7,73.4,7778.0,-2.0,85.0,90.2,-1.9,16.1
20250402,2025-04-02,65.2,8.0,80,63.2,2,shot,67.0,64.2,74.9,8506.0,-4.8,86.6,91.5,-3.0,21.7
20250402,2025-04-02,65.2,8.0,80,63.2,3,shot,77.0,58.4,67.5,7434.0,-3.8,74.8,81.3,-1.2,16.1
20250402,2025-04-02,65.2,8.0,80,63.2,4,shot,76.0,60.7,67.4,6777.0,-2.0,74.9,82.4,-2.2,16.7
20250402,2025-04-02,65.2,8.0,80,63.2,5,shot,65.0,64.0,70.1,9048.0,-4.4,78.9,81.7,7.5,22.9
20250402,2025-04-02,65.2,8.0,80,63.2,6,shot,17.0,57.8,60.1,6566.0,-1.2,63.2,69.5,0.7,50.5
20250402,2025-04-02,65.2,8.0,80,63.2,,average,63.2,62.0,68.9,7685.0,-3.0,77.2,82.8,-0.0,24.0
20250402,2025-04-02,65.2,8.0,90,69.3,1,shot,63.0,62.5,71.1,7959.0,-3.6,81.0,86.1,-0.9,27.2
20250402,2025-04-02,65.2,8.0,90,69.3,2,shot,63.0,65.2,71.2,7969.0,-3.6,81.0,86.2,-0.7,27.2
20250402,2025-04-02,65.2,8.0,90,69.3,3,shot,88.0,66.6,77.0,9288.0,-4.6,90.0,92.5,3.7,11.2
20250402,2025-04-02,65.2,8.0,90,69.3,4,shot,58.0,69.5,83.2,9343.0,-4.8,99.9,102.0,-1.9,30.2
20250402,2025-04-02,65.2,8.0,90,69.3,5,shot,59.0,64.3,72.4,8442.0,-3.4,82.9,86.1,6.7,30.0
20250402,2025-04-02,65.2,8.0,90,69.3,6,shot,85.0,64.9,74.4,7979.0,-4.4,86.7,91.0,-2.8,13.1
20250402,2025-04-02,65.2,8.0,90,69.3,,average,69.3,65.5,74.9,8496.0,-4.1,86.9,90.7,0.7,23.1
20250402,2025-04-02,65.2,8.0,100,73.5,1,shot,62.0,69.2,77.4,8201.0,-3.8,91.3,96.0,-5.5,31.2
20250402,2025-04-02,65.2,8.0,100,73.5,2,shot,56.0,71.2,76.8,10025.0,-6.6,88.8,91.9,-3.1,35.0
20250402,2025-04-02,65.2,8.0,100,73.5,3,shot,67.0,72.1,78.5,10293.0,-5.8,91.9,93.4,3.8,27.0
20250402,2025-04-02,65.2,8.0,100,73.5,4,shot,96.0,69.9,82.5,9346.0,-5.2,98.9,101.4,-1.9,6.6
20250402,2025-04-02,65.2,8.0,100,73.5,5,shot,64.0,70.6,77.1,8782.0,-3.4,90.5,94.2,-2.3,29.3
20250402,2025-04-02,65.2,8.0,100,73.5,6,shot,96.0,69.6,82.4,9149.0,-4.4,98.9,101.1,1.8,6.4
20250402,2025-04-02,65.2,8.0,100,73.5,,average,73.5,70.4,79.1,9299.0,-4.9,93.4,96.3,-1.2,22.6
20250402,2025-04-02,65.2,8.0,120,73.3,1,shot,74.0,72.9,90.7,7913.0,-5.2,114.0,117.9,6.3,26.6
20250402,2025-04-02,65.2,8.0,120,73.3,2,shot,80.0,74.2,90.8,8253.0,-4.2,113.4,116.5,-3.0,22.0
20250402,2025-04-02,65.2,8.0,120,73.3,3,shot,60.0,73.6,87.4,8209.0,-6.4,107.3,114.0,3.0,39.2
20250402,2025-04-02,65.2,8.0,120,73.3,4,shot,65.0,70.5,89.0,5905.0,-3.4,113.3,124.9,-9.2,34.9
20250402,2025-04-02,65.2,8.0,120,73.3,5,shot,93.0,69.1,91.8,6482.0,-5.0,118.7,127.1,3.2,10.3
20250402,2025-04-02,65.2,8.0,120,73.3,6,shot,68.0,70.1,95.8,5939.0,-5.2,126.3,136.9,-9.0,32.4
20250402,2025-04-02,65.2,8.0,120,73.3,,average,73.3,71.7,90.9,7117.0,-4.9,115.5,122.9,-1.5,27.5
20250402,2025-04-02,65.2,8.0,140,77.2,1,shot,59.0,74.1,98.3,6241.0,-5.0,130.6,139.8,11.9,46.5
20250402,2025-04-02,65.2,8.0,140,77.2,2,shot,68.0,75.6,101.5,6522.0,-5.0,135.6,142.9,11.3,36.9
20250402,2025-04-02,65.2,8.0,140,77.2,3,shot,81.0,75.0,99.0,6199.0,-3.4,132.3,140.6,-2.6,24.6
20250402,2025-04-02,65.2,8.0,140,77.2,4,shot,88.0,71.8,100.1,5011.0,-4.0,136.2,150.3,-4.1,16.8
20250402,2025-04-02,65.2,8.0,140,77.2,5,shot,99.0,72.8,101.5,5408.0,-5.0,138.0,150.5,-0.6,6.3
20250402,2025-04-02,65.2,8.0,140,77.2,6,shot,68.0,70.7,96.2,5249.0,-4.8,127.9,141.6,-1.9,36.8
20250402,2025-04-02,65.2,8.0,140,77.2,,average,77.2,73.3,99.4,5772.0,-4.5,133.4,144.3,2.3,28.0
20250402,2025-04-02,65.2,8.0,160,76.2,1,shot,69.0,78.1,106.9,4272.0,-4.4,147.9,167.6,-6.7,41.8
20250402,2025-04-02,65.2,8.0,160,76.2,2,shot,97.0,77.2,108.0,2253.0,-3.4,157.3,187.0,-1.4,9.2
20250402,2025-04-02,65.2,8.0,160,76.2,3,shot,49.0,76.1,101.7,4435.0,-2.6,139.5,157.0,-5.8,64.3
20250402,2025-04-02,65.2,8.0,160,76.2,4,shot,92.0,76.6,110.3,4688.0,-3.8,156.7,171.6,3.6,14.7
20250402,2025-04-02,65.2,8.0,160,76.2,5,shot,75.0,76.9,108.1,5105.0,-5.6,148.8,164.2,2.5,34.4
20250402,2025-04-02,65.2,8.0,160,76.2,6,shot,75.0,78.7,108.3,4756.0,-4.2,149.6,166.9,-4.5,34.2
20250402,2025-04-02,65.2,8.0,160,76.2,,average,76.2,77.3,107.2,4251.0,-4.0,150.0,169.0,-2.1,33.1
20250402,2025-04-02,65.2,8.0,180,32.5,1,shot,0.0,80.3,108.3,5589.0,-3.6,149.3,160.1,30.9,137.5
20250402,2025-04-02,65.2,8.0,180,32.5,2,shot,0.0,79.1,100.6,4578.0,-6.4,123.9,148.9,1.8,168.5
20250402,2025-04-02,65.2,8.0,180,32.5,3,shot,66.0,80.3,115.5,3633.0,-3.8,167.3,189.0,10.9,50.9
20250402,2025-04-02,65.2,8.0,180,32.5,4,shot,65.0,79.6,116.2,3615.0,-3.2,167.6,190.4,11.6,51.7
20250402,2025-04-02,65.2,8.0,180,32.5,5,shot,30.0,81.8,111.5,3093.0,-2.0,153.5,182.8,-17.4,97.7
20250402,2025-04-02,65.2,8.0,180,32.5,6,shot,34.0,78.6,109.7,2306.0,-3.2,151.1,185.5,8.9,91.6
20250402,2025-04-02,65.2,8.0,180,32.5,,average,32.5,79.9,110.3,3802.0,-3.7,152.1,176.1,7.8,99.6
20250402,2025-04-02,65.2,8.0,Drive,57.2,1,shot,13.0,92.1,126.6,2962.0,0.6,201.1,220.7,65.2,
20250402,2025-04-02,65.2,8.0,Drive,57.2,2,shot,42.0,91.3,135.3,2306.0,-2.0,202.7,238.3,22.4,
20250402,2025-04-02,65.2,8.0,Drive,57.2,3,shot,71.0,93.5,139.1,2676.0,-0.8,215.7,245.8,11.3,
20250402,2025-04-02,65.2,8.0,Drive,57.2,4,shot,77.0,90.9,128.2,2346.0,0.2,209.7,234.0,4.3,
20250402,2025-04-02,65.2,8.0,Drive,57.2,5,shot,80.0,89.8,134.2,2210.0,0.6,204.2,239.2,3.7,
20250402,2025-04-02,65.2,8.0,Drive,57.2,6,shot,60.0,92.7,138.2,2299.0,0.0,207.8,244.3,16.0,
20250402,2025-04-02,65.2,8.0,Drive,57.2,,average,57.2,91.7,133.6,2467.0,-0.2,206.9,237.0,20.5,
20250513,2025-05-13,59.7,11.0,60,49.8,1,shot,0.0,57.9,68.0,7090.0,-5.6,75.5,82.8,-2.4,46.8
20250513,2025-05-13,59.7,11.0,60,49.8,2,shot,77.0,50.7,58.2,6300.0,-3.8,59.5,67.3,4.0,12.3
20250513,2025-05-13,59.7,11.0,60,49.8,3,shot,73.0,50.8,61.2,6130.0,-4.4,64.1,73.1,-2.2,13.9
20250513,2025-05-13,59.7,11.0,60,49.8,4,shot,64.0,53.9,57.1,6990.0,-6.6,57.0,64.2,4.9,17.7
20250513,2025-05-13,59.7,11.0,60,49.8,5,shot,85.0,54.5,58.2,6450.0,-3.6,58.4,67.0,-2.3,8.4
20250513,2025-05-13,59.7,11.0,60,49.8,6,shot,0.0,53.2,49.4,6380.0,-5.4,40.0,50.5,17.1,88.0
20250513,2025-05-13,59.7,11.0,60,49.8,,average,49.8,53.5,58.7,6557.0,-4.9,59.1,67.5,3.2,31.2
20250513,2025-05-13,59.7,11.0,70,49.2,1,shot,62.0,55.5,61.0,6970.0,-7.0,62.8,71.0,-0.1,21.8
20250513,2025-05-13,59.7,11.0,70,49.2,2,shot,79.0,56.9,62.0,7090.0,-3.8,65.6,72.1,0.1,13.1
20250513,2025-05-13,59.7,11.0,70,49.2,3,shot,11.0,53.9,56.7,6640.0,-7.8,54.2,63.8,0.3,47.6
20250513,2025-05-13,59.7,11.0,70,49.2,4,shot,82.0,58.4,62.7,7500.0,-6.0,66.5,72.7,1.6,11.5
20250513,2025-05-13,59.7,11.0,70,49.2,5,shot,54.0,57.6,60.4,7250.0,-2.0,63.0,68.7,-4.8,25.9
20250513,2025-05-13,59.7,11.0,70,49.2,6,shot,7.0,59.4,60.9,7490.0,-5.4,63.3,69.6,14.2,49.2
20250513,2025-05-13,59.7,11.0,70,49.2,,average,49.2,56.9,60.6,7157.0,-5.3,62.6,69.7,1.9,28.2
20250513,2025-05-13,59.7,11.0,80,53.7,1,shot,41.0,57.2,63.1,6950.0,-3.0,67.7,74.3,1.4,37.1
20250513,2025-05-13,59.7,11.0,80,53.7,2,shot,68.0,57.6,67.7,6620.0,-4.8,74.7,83.6,-4.6,21.5
20250513,2025-05-13,59.7,11.0,80,53.7,3,shot,97.0,58.1,69.5,7200.0,-6.0,78.6,85.2,0.3,4.4
20250513,2025-05-13,59.7,11.0,80,53.7,4,shot,36.0,63.7,75.9,7480.0,-4.4,89.5,95.3,-9.7,39.7
20250513,2025-05-13,59.7,11.0,80,53.7,5,shot,0.0,61.6,62.8,7230.0,-7.6,63.8,73.4,12.0,63.2
20250513,2025-05-13,59.7,11.0,80,53.7,6,shot,80.0,64.3,70.9,7780.0,-7.2,79.5,86.6,-4.8,14.5
20250513,2025-05-13,59.7,11.0,80,53.7,,average,53.7,60.4,68.3,7210.0,-5.5,75.6,83.0,-0.9,30.1
20250513,2025-05-13,59.7,11.0,90,73.3,1,shot,73.0,60.3,73.8,6540.0,-7.4,84.6,95.0,4.3,20.9
20250513,2025-05-13,59.7,11.0,90,73.3,2,shot,100.0,61.5,76.0,6930.0,-5.0,89.9,97.5,0.3,1.0
20250513,2025-05-13,59.7,11.0,90,73.3,3,shot,90.0,60.7,75.0,6620.0,-4.6,87.9,96.7,-2.3,9.5
20250513,2025-05-13,59.7,11.0,90,73.3,4,shot,58.0,59.6,71.0,6860.0,-6.2,80.6,89.0,3.6,30.5
20250513,2025-05-13,59.7,11.0,90,73.3,5,shot,76.0,64.9,74.4,6920.0,-3.4,86.5,94.7,-5.2,19.0
20250513,2025-05-13,59.7,11.0,90,73.3,6,shot,43.0,65.0,81.3,5910.0,-6.0,98.4,110.6,-10.8,40.0
20250513,2025-05-13,59.7,11.0,90,73.3,,average,73.3,62.0,75.2,6630.0,-5.4,88.0,97.3,-1.7,20.1
20250513,2025-05-13,59.7,11.0,100,73.0,1,shot,37.0,63.1,75.2,7810.0,-5.6,88.2,93.1,10.6,49.0
20250513,2025-05-13,59.7,11.0,100,73.0,2,shot,78.0,66.8,81.8,7490.0,-4.4,99.9,105.2,6.4,19.3
20250513,2025-05-13,59.7,11.0,100,73.0,3,shot,70.0,67.8,80.6,7780.0,-3.6,97.3,101.7,7.9,25.4
20250513,2025-05-13,59.7,11.0,100,73.0,4,shot,86.0,67.5,83.6,7380.0,-5.2,102.9,108.8,-3.7,13.9
20250513,2025-05-13,59.7,11.0,100,73.0,5,shot,95.0,67.0,83.2,7270.0,-5.0,102.4,108.5,0.3,7.2
20250513,2025-05-13,59.7,11.0,100,73.0,6,shot,72.0,65.8,78.2,6980.0,-3.2,93.7,101.2,-4.6,23.7
20250513,2025-05-13,59.7,11.0,100,73.0,,average,73.0,66.3,80.4,7452.0,-4.5,97.4,103.1,2.8,23.1
20250513,2025-05-13,59.7,11.0,120,59.2,1,shot,50.0,71.5,86.5,7350.0,-3.8,108.1,113.9,10.1,47.9
20250513,2025-05-13,59.7,11.0,120,59.2,2,shot,46.0,71.1,88.8,7570.0,-4.4,111.5,116.3,14.1,50.9
20250513,2025-05-13,59.7,11.0,120,59.2,3,shot,70.0,73.2,94.1,6690.0,-5.2,122.1,129.4,-9.9,30.2
20250513,2025-05-13,59.7,11.0,120,59.2,4,shot,78.0,71.0,92.2,6150.0,-4.0,120.2,128.9,-7.8,23.5
20250513,2025-05-13,59.7,11.0,120,59.2,5,shot,49.0,72.1,85.6,7300.0,-3.8,106.5,112.6,8.1,48.0
20250513,2025-05-13,59.7,11.0,120,59.2,6,shot,62.0,71.6,96.6,6040.0,-4.4,128.0,137.1,-9.8,37.1
20250513,2025-05-13,59.7,11.0,120,59.2,,average,59.2,71.7,90.6,6850.0,-4.3,116.1,123.0,0.8,39.6
20250513,2025-05-13,59.7,11.0,140,68.0,1,shot,51.0,74.4,97.2,5880.0,-3.4,130.0,139.0,14.7,54.7
20250513,2025-05-13,59.7,11.0,140,68.0,2,shot,62.0,74.6,97.1,5900.0,-4.0,129.7,139.2,10.0,43.8
20250513,2025-05-13,59.7,11.0,140,68.0,3,shot,90.0,73.7,99.6,5670.0,-3.4,135.0,144.8,-0.1,15.1
20250513,2025-05-13,59.7,11.0,140,68.0,4,shot,15.0,74.7,88.2,4830.0,-0.2,111.4,127.6,-8.5,90.5
20250513,2025-05-13,59.7,11.0,140,68.0,5,shot,95.0,74.0,100.2,5500.0,-2.8,136.5,146.9,0.4,10.6
20250513,2025-05-13,59.7,11.0,140,68.0,6,shot,95.0,74.6,104.1,5500.0,-5.2,143.3,154.4,-0.6,10.0
20250513,2025-05-13,59.7,11.0,140,68.0,,average,68.0,74.4,97.7,5547.0,-3.2,131.0,142.0,2.6,37.4
20250513,2025-05-13,59.7,11.0,160,60.2,1,shot,70.0,76.2,104.7,3780.0,-1.4,146.4,167.0,0.1,40.7
20250513,2025-05-13,59.7,11.0,160,60.2,2,shot,62.0,77.5,106.0,3750.0,-1.2,146.6,168.5,-9.0,49.1
20250513,2025-05-13,59.7,11.0,160,60.2,3,shot,69.0,77.9,108.7,4350.0,-2.6,155.5,171.3,13.0,41.7
20250513,2025-05-13,59.7,11.0,160,60.2,4,shot,33.0,77.9,111.4,5000.0,-3.6,158.6,170.8,27.5,83.2
20250513,2025-05-13,59.7,11.0,160,60.2,5,shot,34.0,77.1,100.3,4270.0,-3.2,134.9,154.7,9.5,81.3
20250513,2025-05-13,59.7,11.0,160,60.2,6,shot,93.0,78.7,109.4,4550.0,-3.4,155.7,170.9,-1.7,14.1
20250513,2025-05-13,59.7,11.0,160,60.2,,average,60.2,77.6,106.8,4283.0,-2.6,149.6,167.2,6.6,51.7
20250513,2025-05-13,59.7,11.0,180,51.2,1,shot,13.0,78.6,110.9,3300.0,-1.8,146.3,176.3,-18.6,118.6
20250513,2025-05-13,59.7,11.0,180,51.2,2,shot,78.0,81.1,116.9,3780.0,-1.2,173.0,191.8,9.1,34.8
20250513,2025-05-13,59.7,11.0,180,51.2,3,shot,86.0,80.5,117.0,3480.0,-0.8,172.1,193.8,-1.3,24.1
20250513,2025-05-13,59.7,11.0,180,51.2,4,shot,53.0,79.4,114.6,4170.0,-2.6,167.3,183.8,17.8,67.3
20250513,2025-05-13,59.7,11.0,180,51.2,5,shot,77.0,79.6,116.5,3950.0,-2.8,171.1,189.5,8.1,36.6
20250513,2025-05-13,59.7,11.0,180,51.2,6,shot,0.0,78.7,102.3,3390.0,-2.2,130.5,159.8,-11.0,153.4
20250513,2025-05-13,59.7,11.0,180,51.2,,average,51.2,79.6,113.0,3678.0,-1.9,160.0,182.5,0.7,72.5
20250513,2025-05-13,59.7,11.0,Drive,59.7,1,shot,77.0,88.9,129.0,1890.0,2.4,198.0,232.8,3.6,
20250513,2025-05-13,59.7,11.0,Drive,59.7,2,shot,58.0,88.3,114.6,3460.0,2.2,174.8,189.7,4.4,
20250513,2025-05-13,59.7,11.0,Drive,59.7,3,shot,68.0,88.5,127.9,2210.0,1.2,197.4,228.8,12.7,
20250513,2025-05-13,59.7,11.0,Drive,59.7,4,shot,60.0,87.4,118.5,3500.0,1.4,182.3,196.5,-4.3,
20250513,2025-05-13,59.7,11.0,Drive,59.7,5,shot,41.0,88.6,132.3,2370.0,1.2,202.7,235.2,25.7,
20250513,2025-05-13,59.7,11.0,Drive,59.7,6,shot,54.0,89.8,123.2,2590.0,2.8,198.6,220.0,18.0,
20250513,2025-05-13,59.7,11.0,Drive,59.7,,average,59.7,88.6,124.3,2670.0,1.9,192.3,217.2,10.0,
20250610,2025-06-10,66.5,7.0,60,67.2,1,shot,72.0,57.0,60.8,6831.0,-2.4,63.9,70.5,-2.7,14.1
20250610,2025-06-10,66.5,7.0,60,67.2,2,shot,80.0,53.6,56.3,7161.0,-2.4,56.5,61.8,0.7,10.8
20250610,2025-06-10,66.5,7.0,60,67.2,3,shot,48.0,49.7,53.1,3946.0,-0.6,52.7,63.2,-3.4,24.6
20250610,2025-06-10,66.5,7.0,60,67.2,4,shot,67.0,53.9,61.7,6871.0,-4.4,65.4,72.1,1.3,16.6
20250610,2025-06-10,66.5,7.0,60,67.2,5,shot,36.0,56.1,64.2,7208.0,-3.6,69.8,75.4,2.0,29.8
20250610,2025-06-10,66.5,7.0,60,67.2,6,shot,100.0,55.3,58.8,7027.0,-2.8,60.6,66.7,0.1,2.0
20250610,2025-06-10,66.5,7.0,60,67.2,,average,67.2,54.3,59.1,6507.0,-2.7,61.5,68.3,-0.3,16.3
20250610,2025-06-10,66.5,7.0,70,55.7,1,shot,25.0,56.1,57.3,7520.0,-4.0,58.1,62.8,5.9,40.6
20250610,2025-06-10,66.5,7.0,70,55.7,2,shot,7.0,55.1,54.7,8088.0,-3.6,53.6,57.6,1.1,49.2
20250610,2025-06-10,66.5,7.0,70,55.7,3,shot,78.0,58.3,66.0,7545.0,-4.8,72.6,78.0,-3.8,13.5
20250610,2025-06-10,66.5,7.0,70,55.7,4,shot,66.0,61.5,68.3,7980.0,-4.4,76.5,80.5,0.7,19.5
20250610,2025-06-10,66.5,7.0,70,55.7,5,shot,79.0,58.1,62.1,7521.0,-5.6,65.7,71.6,0.6,13.1
20250610,2025-06-10,66.5,7.0,70,55.7,6,shot,79.0,60.0,62.1,7832.0,-2.4,66.1,70.0,2.1,13.3
20250610,2025-06-10,66.5,7.0,70,55.7,,average,55.7,58.2,61.8,7748.0,-4.1,65.4,70.1,1.1,24.9
20250610,2025-06-10,66.5,7.0,80,66.3,1,shot,44.0,62.5,64.7,7775.0,-5.2,69.5,75.9,-4.8,35.2
20250610,2025-06-10,66.5,7.0,80,66.3,2,shot,83.0,62.1,68.3,8393.0,-5.6,76.0,80.1,-1.5,12.9
20250610,2025-06-10,66.5,7.0,80,66.3,3,shot,36.0,59.7,63.0,8434.0,-5.0,67.2,71.0,3.2,39.9
20250610,2025-06-10,66.5,7.0,80,66.3,4,shot,56.0,68.4,76.3,8352.0,-3.2,89.2,91.9,-1.8,28.1
20250610,2025-06-10,66.5,7.0,80,66.3,5,shot,94.0,64.5,69.3,8035.0,-2.8,78.0,81.2,-0.7,6.5
20250610,2025-06-10,66.5,7.0,80,66.3,6,shot,85.0,64.6,71.1,8320.0,-3.2,80.7,83.6,3.8,11.6
20250610,2025-06-10,66.5,7.0,80,66.3,,average,66.3,63.6,68.8,8218.0,-4.2,76.7,80.6,-0.3,22.3
20250610,2025-06-10,66.5,7.0,90,69.0,1,shot,57.0,67.0,75.9,8473.0,-3.6,88.6,91.6,-10.2,31.1
20250610,2025-06-10,66.5,7.0,90,69.0,2,shot,66.0,65.3,76.9,7978.0,-4.2,90.9,95.1,-8.4,25.3
20250610,2025-06-10,66.5,7.0,90,69.0,3,shot,50.0,63.5,69.7,8443.0,-3.6,78.4,81.1,2.1,35.5
20250610,2025-06-10,66.5,7.0,90,69.0,4,shot,82.0,72.0,77.8,9037.0,-5.4,91.4,95.3,-4.9,15.1
20250610,2025-06-10,66.5,7.0,90,69.0,5,shot,73.0,72.5,81.2,10343.0,-5.4,96.0,96.8,-3.5,20.7
20250610,2025-06-10,66.5,7.0,90,69.0,6,shot,86.0,71.9,79.3,9687.0,-4.6,93.1,94.4,2.7,12.4
20250610,2025-06-10,66.5,7.0,90,69.0,,average,69.0,68.7,76.8,8993.0,-4.5,89.7,92.4,-3.7,23.3
20250610,2025-06-10,66.5,7.0,100,70.3,1,shot,92.0,70.3,82.2,8645.0,-4.0,98.5,100.8,-2.6,9.1
20250610,2025-06-10,66.5,7.0,100,70.3,2,shot,59.0,71.8,76.6,9501.0,-5.4,89.0,90.6,-0.4,33.1
20250610,2025-06-10,66.5,7.0,100,70.3,3,shot,32.0,68.5,72.7,8892.0,-3.2,83.2,86.6,-4.6,52.7
20250610,2025-06-10,66.5,7.0,100,70.3,4,shot,78.0,67.5,80.9,8253.0,-5.2,97.3,101.2,5.8,19.2
20250610,2025-06-10,66.5,7.0,100,70.3,5,shot,88.0,67.7,84.4,7717.0,-5.6,104.0,109.0,-1.3,12.4
20250610,2025-06-10,66.5,7.0,100,70.3,6,shot,73.0,67.9,78.9,8909.0,-5.0,93.3,97.0,3.8,23.2
20250610,2025-06-10,66.5,7.0,100,70.3,,average,70.3,69.0,79.3,8653.0,-4.7,94.2,97.5,0.1,25.0
20250610,2025-06-10,66.5,7.0,120,73.3,1,shot,56.0,73.9,85.0,6581.0,-1.8,106.6,114.1,-3.8,42.1
20250610,2025-06-10,66.5,7.0,120,73.3,2,shot,78.0,73.6,89.7,7759.0,-3.4,112.8,117.8,2.6,23.0
20250610,2025-06-10,66.5,7.0,120,73.3,3,shot,75.0,73.4,89.9,7892.0,-4.8,113.0,118.0,-4.9,26.0
20250610,2025-06-10,66.5,7.0,120,73.3,4,shot,70.0,71.9,87.3,6411.0,-2.2,111.1,118.4,-4.4,29.9
20250610,2025-06-10,66.5,7.0,120,73.3,5,shot,90.0,73.1,95.6,7334.0,-6.0,123.5,129.9,-2.8,13.4
20250610,2025-06-10,66.5,7.0,120,73.3,6,shot,71.0,73.4,90.3,7873.0,-4.0,113.5,117.8,7.2,29.8
20250610,2025-06-10,66.5,7.0,120,73.3,,average,73.3,73.2,89.6,7308.0,-3.7,113.4,119.3,-1.0,27.4
20250610,2025-06-10,66.5,7.0,140,55.5,1,shot,15.0,76.4,92.0,5142.0,-4.0,114.5,132.7,-14.5,90.4
20250610,2025-06-10,66.5,7.0,140,55.5,2,shot,89.0,77.8,104.6,5992.0,-2.6,142.9,150.4,4.6,16.2
20250610,2025-06-10,66.5,7.0,140,55.5,3,shot,76.0,78.3,108.0,5789.0,-4.4,149.8,158.7,-1.5,29.6
20250610,2025-06-10,66.5,7.0,140,55.5,4,shot,38.0,76.3,91.4,6129.0,-2.0,118.3,128.1,5.6,67.7
20250610,2025-06-10,66.5,7.0,140,55.5,5,shot,60.0,78.0,106.9,5557.0,-2.4,148.7,157.9,-12.6,45.1
20250610,2025-06-10,66.5,7.0,140,55.5,6,shot,55.0,75.7,107.6,5350.0,-5.2,150.0,161.7,-14.0,50.4
20250610,2025-06-10,66.5,7.0,140,55.5,,average,55.5,77.1,101.8,5660.0,-3.4,137.4,148.2,-5.4,49.9
20250610,2025-06-10,66.5,7.0,160,73.5,1,shot,87.0,83.0,115.3,4964.0,-3.6,166.6,178.0,-1.8,20.5
20250610,2025-06-10,66.5,7.0,160,73.5,2,shot,7.0,81.0,96.2,3799.0,-0.8,126.1,148.7,-14.4,112.8
20250610,2025-06-10,66.5,7.0,160,73.5,3,shot,72.0,79.8,105.7,5090.0,-2.4,147.5,160.0,1.8,38.0
20250610,2025-06-10,66.5,7.0,160,73.5,4,shot,91.0,81.7,113.9,5369.0,-2.6,162.0,171.8,5.1,16.2
20250610,2025-06-10,66.5,7.0,160,73.5,5,shot,98.0,79.6,112.6,5360.0,-3.2,159.6,169.8,2.5,7.5
20250610,2025-06-10,66.5,7.0,160,73.5,6,shot,86.0,80.6,113.3,5765.0,-3.8,158.7,168.0,7.0,21.4
20250610,2025-06-10,66.5,7.0,160,73.5,,average,73.5,80.9,109.5,5058.0,-2.7,153.4,166.0,0.0,36.1
20250610,2025-06-10,66.5,7.0,180,59.7,1,shot,52.0,84.8,120.9,4486.0,-1.8,179.1,191.4,22.8,68.7
20250610,2025-06-10,66.5,7.0,180,59.7,2,shot,73.0,83.8,113.9,4038.0,-2.4,166.9,183.5,3.8,41.0
20250610,2025-06-10,66.5,7.0,180,59.7,3,shot,62.0,84.6,111.6,3903.0,-2.4,161.8,180.2,-3.0,55.5
20250610,2025-06-10,66.5,7.0,180,59.7,4,shot,65.0,83.1,114.7,3881.0,-2.6,168.8,186.6,12.6,51.7
20250610,2025-06-10,66.5,7.0,180,59.7,5,shot,62.0,85.4,121.0,3075.0,-2.4,181.6,206.3,-18.6,55.8
20250610,2025-06-10,66.5,7.0,180,59.7,6,shot,44.0,85.7,110.2,2885.0,-1.6,155.5,184.0,-9.2,79.3
20250610,2025-06-10,66.5,7.0,180,59.7,,average,59.7,84.5,115.4,3711.0,-2.2,168.9,188.7,1.4,58.7
20250610,2025-06-10,66.5,7.0,Drive,74.0,1,shot,59.0,93.9,134.4,2559.0,-0.6,212.9,240.3,-15.1,
20250610,2025-06-10,66.5,7.0,Drive,74.0,2,shot,84.0,93.3,138.2,2680.0,0.0,219.9,246.7,-0.0,
20250610,2025-06-10,66.5,7.0,Drive,74.0,3,shot,81.0,93.2,131.5,2331.0,-0.2,216.4,240.9,0.6,
20250610,2025-06-10,66.5,7.0,Drive,74.0,4,shot,85.0,93.6,138.7,2268.0,-0.2,219.6,251.3,4.0,
20250610,2025-06-10,66.5,7.0,Drive,74.0,5,shot,53.0,92.9,122.6,5034.0,-1.8,178.3,186.4,-10.4,
20250610,2025-06-10,66.5,7.0,Drive,74.0,6,shot,82.0,93.8,138.7,2900.0,1.0,220.5,245.0,6.0,
20250610,2025-06-10,66.5,7.0,Drive,74.0,,average,74.0,93.5,134.0,2962.0,-0.3,211.3,235.1,-2.5,
20250724,2025-07-24,54.6,16.0,60,26.0,1,shot,76.0,52.9,61.2,7137.0,-3.8,64.0,70.9,-1.4,12.6
20250724,2025-07-24,54.6,16.0,60,26.0,2,shot,0.0,50.5,53.2,6458.0,-3.4,48.4,57.8,9.0,45.9
20250724,2025-07-24,54.6,16.0,60,26.0,3,shot,22.0,48.4,52.4,5180.0,0.8,49.5,59.4,-5.2,36.0
20250724,2025-07-24,54.6,16.0,60,26.0,4,shot,22.0,63.5,59.8,6532.0,-1.4,62.7,68.0,-11.9,35.9
20250724,2025-07-24,54.6,16.0,60,26.0,5,shot,36.0,64.3,63.5,8359.0,-4.0,68.1,71.0,-6.1,29.8
20250724,2025-07-24,54.6,16.0,60,26.0,6,shot,0.0,65.6,67.1,8218.0,-2.8,74.1,77.4,-5.9,45.4
20250724,2025-07-24,54.6,16.0,60,26.0,,average,26.0,57.5,59.5,6981.0,-2.4,61.1,67.4,-3.6,34.3
20250724,2025-07-24,54.6,16.0,70,71.0,1,shot,81.0,58.9,62.1,6729.0,-1.6,66.6,72.5,-2.0,11.9
20250724,2025-07-24,54.6,16.0,70,71.0,2,shot,67.0,57.4,60.2,6255.0,-0.4,63.6,69.7,-0.7,19.4
20250724,2025-07-24,54.6,16.0,70,71.0,3,shot,80.0,56.0,65.6,6854.0,-2.8,71.4,79.5,-3.9,12.5
20250724,2025-07-24,54.6,16.0,70,71.0,4,shot,67.0,66.5,61.0,7697.0,-1.8,63.8,66.4,1.5,19.2
20250724,2025-07-24,54.6,16.0,70,71.0,5,shot,82.0,68.9,66.7,9350.0,-3.6,71.7,71.9,3.4,11.4
20250724,2025-07-24,54.6,16.0,70,71.0,6,shot,49.0,70.6,60.6,8430.0,-2.2,60.5,60.6,0.1,28.4
20250724,2025-07-24,54.6,16.0,70,71.0,,average,71.0,63.1,62.7,7553.0,-2.1,66.3,70.1,-0.3,17.1
20250724,2025-07-24,54.6,16.0,80,48.3,1,shot,81.0,63.2,67.9,5374.0,-1.2,78.0,85.8,-4.1,13.9
20250724,2025-07-24,54.6,16.0,80,48.3,2,shot,44.0,61.8,72.4,7409.0,-2.6,83.6,89.6,-11.4,35.1
20250724,2025-07-24,54.6,16.0,80,48.3,3,shot,37.0,60.7,72.2,6578.0,-2.6,82.7,91.8,-12.9,39.0
20250724,2025-07-24,54.6,16.0,80,48.3,4,shot,41.0,63.9,76.5,8018.0,-3.2,90.1,94.6,-7.5,36.9
20250724,2025-07-24,54.6,16.0,80,48.3,5,shot,27.0,63.0,78.5,7701.0,-6.4,92.8,100.0,-8.3,45.0
20250724,2025-07-24,54.6,16.0,80,48.3,6,shot,60.0,57.7,65.0,5444.0,-2.2,71.6,81.7,-1.9,25.8
20250724,2025-07-24,54.6,16.0,80,48.3,,average,48.3,61.7,72.1,6754.0,-3.0,83.1,90.6,-7.7,32.6
20250724,2025-07-24,54.6,16.0,90,57.3,1,shot,56.0,65.7,72.5,7790.0,-1.2,83.4,87.5,-7.9,31.6
20250724,2025-07-24,54.6,16.0,90,57.3,2,shot,52.0,65.6,69.5,7764.0,-1.8,78.5,83.0,0.6,34.5
20250724,2025-07-24,54.6,16.0,90,57.3,3,shot,34.0,67.3,74.2,6888.0,-1.6,87.3,93.2,-14.8,46.0
20250724,2025-07-24,54.6,16.0,90,57.3,4,shot,61.0,69.6,72.5,9366.0,-5.6,82.6,84.8,5.9,28.8
20250724,2025-07-24,54.6,16.0,90,57.3,5,shot,68.0,72.3,82.6,9038.0,-3.2,97.9,99.0,-0.3,23.9
20250724,2025-07-24,54.6,16.0,90,57.3,6,shot,73.0,70.7,79.1,8796.0,-3.6,92.6,93.9,6.6,20.9
20250724,2025-07-24,54.6,16.0,90,57.3,,average,57.3,68.5,75.1,8274.0,-2.8,87.1,90.2,-1.7,31.0
20250724,2025-07-24,54.6,16.0,100,59.5,1,shot,90.0,69.6,81.4,9002.0,-3.0,96.7,98.3,1.0,10.5
20250724,2025-07-24,54.6,16.0,100,59.5,2,shot,20.0,69.5,70.5,7652.0,-1.6,80.0,83.4,-3.6,61.1
20250724,2025-07-24,54.6,16.0,100,59.5,3,shot,67.0,71.7,78.4,9169.0,-2.2,91.2,92.1,-2.1,27.2
20250724,2025-07-24,54.6,16.0,100,59.5,4,shot,77.0,74.7,84.5,9137.0,-4.6,102.3,104.8,-6.5,20.3
20250724,2025-07-24,54.6,16.0,100,59.5,5,shot,43.0,73.9,78.6,7681.0,-6.9,90.3,91.5,10.6,44.6
20250724,2025-07-24,54.6,16.0,100,59.5,6,shot,60.0,73.4,78.1,9192.0,-1.8,90.0,90.4,3.8,32.4
20250724,2025-07-24,54.6,16.0,100,59.5,,average,59.5,72.1,78.6,8639.0,-3.3,91.7,93.4,0.6,32.7
20250724,2025-07-24,54.6,16.0,120,65.3,1,shot,19.0,73.2,101.2,6489.0,-2.2,135.1,141.6,-20.9,74.5
20250724,2025-07-24,54.6,16.0,120,65.3,2,shot,62.0,73.6,95.2,6828.0,-1.6,123.9,130.2,-11.9,37.1
20250724,2025-07-24,54.6,16.0,120,65.3,3,shot,94.0,75.3,94.3,8122.0,-3.6,119.4,123.0,3.1,9.6
20250724,2025-07-24,54.6,16.0,120,65.3,4,shot,79.0,76.6,98.7,7615.0,-2.4,127.3,131.2,-0.5,22.1
20250724,2025-07-24,54.6,16.0,120,65.3,5,shot,67.0,73.5,94.8,7711.0,-4.2,121.0,125.1,11.0,33.2
20250724,2025-07-24,54.6,16.0,120,65.3,6,shot,71.0,74.9,88.9,7697.0,-2.0,111.4,115.7,4.5,29.4
20250724,2025-07-24,54.6,16.0,120,65.3,,average,65.3,74.5,95.5,7410.0,-2.7,123.0,127.8,-2.4,34.3
20250724,2025-07-24,54.6,16.0,140,40.3,1,shot,65.0,78.6,97.6,6695.0,-2.4,128.4,135.2,6.8,40.8
20250724,2025-07-24,54.6,16.0,140,40.3,2,shot,0.0,79.0,81.3,9236.0,-2.8,87.5,96.2,38.7,218.1
20250724,2025-07-24,54.6,16.0,140,40.3,3,shot,0.0,76.1,83.9,6420.0,-1.4,103.8,113.7,-10.1,114.3
20250724,2025-07-24,54.6,16.0,140,40.3,4,shot,83.0,79.1,107.7,6213.0,-3.0,147.3,154.2,0.9,22.0
20250724,2025-07-24,54.6,16.0,140,40.3,5,shot,44.0,77.3,109.0,5445.0,-2.2,152.1,162.7,-17.4,61.9
20250724,2025-07-24,54.6,16.0,140,40.3,6,shot,50.0,76.7,105.0,5000.0,-3.2,145.1,158.9,-18.1,55.7
20250724,2025-07-24,54.6,16.0,140,40.3,,average,40.3,77.8,97.4,6501.0,-2.5,127.4,136.8,0.1,85.5
20250724,2025-07-24,54.6,16.0,160,71.3,1,shot,85.0,78.7,113.7,4374.0,-2.4,165.7,180.6,-5.0,22.7
20250724,2025-07-24,54.6,16.0,160,71.3,2,shot,94.0,78.9,112.5,4525.0,-2.8,163.2,176.7,-2.9,12.9
20250724,2025-07-24,54.6,16.0,160,71.3,3,shot,83.0,80.7,110.7,5070.0,-2.0,157.2,168.9,7.9,25.4
20250724,2025-07-24,54.6,16.0,160,71.3,4,shot,65.0,81.7,111.1,4314.0,-0.2,161.8,175.9,15.3,46.0
20250724,2025-07-24,54.6,16.0,160,71.3,5,shot,51.0,81.6,117.0,3609.0,-1.8,172.5,193.1,-17.0,62.0
20250724,2025-07-24,54.6,16.0,160,71.3,6,shot,50.0,81.3,110.6,3509.0,-0.6,157.0,179.9,-20.7,63.4
20250724,2025-07-24,54.6,16.0,160,71.3,,average,71.3,80.5,112.6,4233.0,-1.6,162.9,179.2,-3.7,38.7
20250724,2025-07-24,54.6,16.0,180,45.7,1,shot,64.0,83.0,116.6,4085.0,-1.8,173.1,188.2,16.1,53.3
20250724,2025-07-24,54.6,16.0,180,45.7,2,shot,7.0,83.3,111.0,5672.0,-2.6,152.5,163.9,29.5,127.2
20250724,2025-07-24,54.6,16.0,180,45.7,3,shot,89.0,83.4,119.5,4820.0,-1.2,174.7,186.2,4.7,21.4
20250724,2025-07-24,54.6,16.0,180,45.7,4,shot,36.0,84.1,110.2,3832.0,0.2,154.0,176.5,13.2,89.0
20250724,2025-07-24,54.6,16.0,180,45.7,5,shot,78.0,83.1,116.0,3811.0,0.0,170.9,189.8,-7.3,35.3
20250724,2025-07-24,54.6,16.0,180,45.7,6,shot,0.0,85.5,121.0,3580.0,0.2,176.1,198.7,-47.7,146.5
20250724,2025-07-24,54.6,16.0,180,45.7,,average,45.7,83.7,115.7,4300.0,-0.9,166.9,183.9,1.4,78.8
20250724,2025-07-24,54.6,16.0,Drive,60.7,1,shot,69.0,96.4,142.3,2250.0,2.1,227.6,259.2,14.4,
20250724,2025-07-24,54.6,16.0,Drive,60.7,2,shot,80.0,95.8,139.1,3410.0,0.1,222.9,239.0,0.9,
20250724,2025-07-24,54.6,16.0,Drive,60.7,3,shot,55.0,98.2,144.7,2220.0,3.3,228.7,261.3,-17.3,
20250724,2025-07-24,54.6,16.0,Drive,60.7,4,shot,56.0,92.9,137.3,2290.0,0.3,201.7,239.3,-14.1,
20250724,2025-07-24,54.6,16.0,Drive,60.7,5,shot,31.0,95.8,140.2,2100.0,2.3,159.1,215.0,-19.8,
20250724,2025-07-24,54.6,16.0,Drive,60.7,6,shot,73.0,95.9,141.6,2270.0,2.7,214.3,249.7,-7.4,
20250724,2025-07-24,54.6,16.0,Drive,60.7,,average,60.7,95.8,140.9,2423.0,1.8,209.1,243.9,-7.2,
20260825,2026-08-25,65.6,8.0,60,55.8,1,shot,36.0,66.4,64.5,8630.0,-1.0,69.3,72.7,-3.6,29.6
20260825,2026-08-25,65.6,8.0,60,55.8,2,shot,91.0,63.1,59.4,8790.0,-2.2,60.9,64.5,1.8,5.9
20260825,2026-08-25,65.6,8.0,60,55.8,3,shot,63.0,63.7,62.3,8520.0,-1.6,65.7,69.3,-2.0,18.0
20260825,2026-08-25,65.6,8.0,60,55.8,4,shot,35.0,63.2,64.8,8722.0,-1.8,69.4,71.9,-3.8,30.3
20260825,2026-08-25,65.6,8.0,60,55.8,5,shot,70.0,63.2,61.7,8958.0,-1.2,64.0,65.7,3.3,15.3
20260825,2026-08-25,65.6,8.0,60,55.8,6,shot,40.0,61.2,63.4,8568.0,-2.2,67.6,71.4,-6.0,28.3
20260825,2026-08-25,65.6,8.0,60,55.8,,average,55.8,63.5,62.7,8698.0,-1.7,66.2,69.3,-1.7,21.2
20260825,2026-08-25,65.6,8.0,70,77.8,1,shot,32.0,66.2,71.3,8748.0,-2.8,80.1,82.4,-7.5,36.9
20260825,2026-08-25,65.6,8.0,70,77.8,2,shot,100.0,64.3,64.6,8487.0,-3.0,69.6,75.3,-0.2,1.3
20260825,2026-08-25,65.6,8.0,70,77.8,3,shot,77.0,62.6,63.2,8340.0,-1.8,67.2,70.8,-3.8,14.2
20260825,2026-08-25,65.6,8.0,70,77.8,4,shot,74.0,64.7,67.2,8519.0,-1.2,73.2,75.3,-4.1,15.4
20260825,2026-08-25,65.6,8.0,70,77.8,5,shot,99.0,65.3,65.2,8099.0,0.0,70.2,72.8,-0.9,2.8
20260825,2026-08-25,65.6,8.0,70,77.8,6,shot,85.0,63.4,63.2,9367.0,-2.4,67.0,70.8,-1.4,9.9
20260825,2026-08-25,65.6,8.0,70,77.8,,average,77.8,64.4,65.8,8593.0,-1.9,71.2,74.6,-3.0,13.4
20260825,2026-08-25,65.6,8.0,80,66.3,1,shot,100.0,63.1,70.6,7940.0,-1.4,79.7,83.0,-0.2,1.0
20260825,2026-08-25,65.6,8.0,80,66.3,2,shot,71.0,64.7,73.6,7809.0,-1.0,85.0,88.3,-4.4,19.8
20260825,2026-08-25,65.6,8.0,80,66.3,3,shot,86.0,65.7,73.0,8220.0,-1.6,83.5,86.6,1.1,11.0
20260825,2026-08-25,65.6,8.0,80,66.3,4,shot,64.0,63.9,74.2,6835.0,0.0,86.3,88.6,-4.8,23.4
20260825,2026-08-25,65.6,8.0,80,66.3,5,shot,53.0,59.8,64.4,6485.0,-0.4,70.2,73.9,1.6,29.9
20260825,2026-08-25,65.6,8.0,80,66.3,6,shot,24.0,63.7,77.1,6457.0,-0.6,92.4,95.8,-10.2,46.8
20260825,2026-08-25,65.6,8.0,80,66.3,,average,66.3,63.5,72.1,7291.0,-0.8,82.9,86.0,-2.8,22.0
20260825,2026-08-25,65.6,8.0,90,76.0,1,shot,90.0,68.0,76.0,8460.0,-1.8,88.2,90.7,-2.6,9.5
20260825,2026-08-25,65.6,8.0,90,76.0,2,shot,67.0,68.8,72.5,7890.0,-4.6,82.4,91.1,3.1,24.7
20260825,2026-08-25,65.6,8.0,90,76.0,3,shot,65.0,62.1,73.5,7253.0,-1.4,85.4,90.5,7.2,26.2
20260825,2026-08-25,65.6,8.0,90,76.0,4,shot,88.0,67.1,78.0,7871.0,-1.8,91.3,93.5,-3.4,10.8
20260825,2026-08-25,65.6,8.0,90,76.0,5,shot,90.0,67.2,77.1,7569.0,-3.0,90.8,93.3,-3.2,9.9
20260825,2026-08-25,65.6,8.0,90,76.0,6,shot,56.0,65.3,70.7,7971.0,-1.6,79.7,82.7,1.8,31.5
20260825,2026-08-25,65.6,8.0,90,76.0,,average,76.0,66.4,74.6,7836.0,-2.4,86.3,90.3,0.5,18.8
20260825,2026-08-25,65.6,8.0,100,78.0,1,shot,65.0,66.6,77.2,8662.0,-3.2,90.5,94.5,-0.1,28.6
20260825,2026-08-25,65.6,8.0,100,78.0,2,shot,43.0,71.9,74.7,8857.0,-7.3,86.0,89.2,5.0,45.0
20260825,2026-08-25,65.6,8.0,100,78.0,3,shot,91.0,69.6,83.6,8001.0,-3.6,101.7,105.1,3.1,10.4
20260825,2026-08-25,65.6,8.0,100,78.0,4,shot,79.0,66.0,81.4,6166.0,-1.6,100.8,106.7,-6.2,18.6
20260825,2026-08-25,65.6,8.0,100,78.0,5,shot,98.0,67.2,82.4,7946.0,-2.2,99.8,103.1,-1.6,4.8
20260825,2026-08-25,65.6,8.0,100,78.0,6,shot,92.0,66.2,80.3,6988.0,-2.0,97.4,100.8,-1.6,9.3
20260825,2026-08-25,65.6,8.0,100,78.0,,average,78.0,67.9,79.9,7770.0,-3.3,96.0,99.9,-0.2,19.4
20260825,2026-08-25,65.6,8.0,120,74.8,1,shot,84.0,71.0,89.2,6432.0,-2.2,114.0,119.5,0.7,18.2
20260825,2026-08-25,65.6,8.0,120,74.8,2,shot,88.0,72.9,92.2,7233.0,-3.0,117.3,120.5,4.1,14.9
20260825,2026-08-25,65.6,8.0,120,74.8,3,shot,82.0,72.6,90.4,6604.0,-2.0,115.8,120.9,-4.9,19.6
20260825,2026-08-25,65.6,8.0,120,74.8,4,shot,59.0,68.0,84.6,5577.0,-2.4,107.3,116.3,3.5,39.7
20260825,2026-08-25,65.6,8.0,120,74.8,5,shot,79.0,68.1,89.2,5792.0,-2.2,115.2,122.5,5.6,22.4
20260825,2026-08-25,65.6,8.0,120,74.8,6,shot,57.0,69.4,86.4,2265.0,-2.9,117.5,143.6,-13.3,41.1
20260825,2026-08-25,65.6,8.0,120,74.8,,average,74.8,70.3,88.7,5650.0,-2.5,114.5,123.9,-0.7,26.0
20260825,2026-08-25,65.6,8.0,140,72.5,1,shot,93.0,74.9,98.2,4131.0,0.4,137.4,150.3,-3.1,12.1
20260825,2026-08-25,65.6,8.0,140,72.5,2,shot,45.0,75.9,94.3,6169.0,-1.4,121.4,133.8,7.6,60.9
20260825,2026-08-25,65.6,8.0,140,72.5,3,shot,100.0,77.4,102.1,5260.0,-3.0,139.8,150.9,-0.3,1.1
20260825,2026-08-25,65.6,8.0,140,72.5,4,shot,52.0,75.8,94.7,6047.0,-1.2,123.3,133.5,5.7,53.3
20260825,2026-08-25,65.6,8.0,140,72.5,5,shot,72.0,74.4,102.0,4912.0,-2.2,140.6,151.9,11.2,33.6
20260825,2026-08-25,65.6,8.0,140,72.5,6,shot,73.0,75.1,106.4,4727.0,-1.0,150.8,160.1,-0.5,32.4
20260825,2026-08-25,65.6,8.0,140,72.5,,average,72.5,75.6,99.6,5208.0,-1.4,135.6,146.7,3.4,32.2
20260825,2026-08-25,65.6,8.0,160,52.7,1,shot,25.0,77.5,97.9,3970.0,-1.0,129.4,156.3,-3.5,92.6
20260825,2026-08-25,65.6,8.0,160,52.7,2,shot,98.0,78.4,110.6,4713.0,-1.6,157.6,169.4,-0.9,7.8
20260825,2026-08-25,65.6,8.0,160,52.7,3,shot,51.0,78.9,108.2,5748.0,-1.0,148.9,154.6,16.8,62.0
20260825,2026-08-25,65.6,8.0,160,52.7,4,shot,55.0,78.1,112.4,3115.0,0.6,168.7,190.0,-17.4,57.3
20260825,2026-08-25,65.6,8.0,160,52.7,5,shot,0.0,77.6,102.0,6001.0,-2.0,136.1,143.3,31.0,124.3
20260825,2026-08-25,65.6,8.0,160,52.7,6,shot,87.0,77.5,110.4,3934.0,-0.8,161.5,174.7,6.8,20.9
20260825,2026-08-25,65.6,8.0,160,52.7,,average,52.7,78.0,106.9,4580.0,-1.0,150.4,164.7,5.5,60.8
20260825,2026-08-25,65.6,8.0,180,35.8,1,shot,35.0,80.2,118.8,2287.0,0.0,168.2,201.8,-26.7,90.4
20260825,2026-08-25,65.6,8.0,180,35.8,2,shot,0.0,81.0,116.8,2277.0,0.0,134.1,171.6,-3.1,138.0
20260825,2026-08-25,65.6,8.0,180,35.8,3,shot,93.0,82.0,119.4,3420.0,0.4,182.3,198.8,-4.6,15.2
20260825,2026-08-25,65.6,8.0,180,35.8,4,shot,46.0,80.1,114.9,1966.0,0.6,165.6,199.2,-20.2,76.6
20260825,2026-08-25,65.6,8.0,180,35.8,5,shot,33.0,80.9,114.8,4635.0,0.2,157.4,183.6,-20.0,93.4
20260825,2026-08-25,65.6,8.0,180,35.8,6,shot,8.0,81.5,111.2,6953.0,0.0,148.7,154.1,25.3,125.8
20260825,2026-08-25,65.6,8.0,180,35.8,,average,35.8,80.9,116.0,3590.0,0.2,159.4,184.9,-8.2,89.9
20260825,2026-08-25,65.6,8.0,Drive,65.7,1,shot,48.0,88.2,131.2,2022.0,3.6,204.8,238.1,-20.0,
20260825,2026-08-25,65.6,8.0,Drive,65.7,2,shot,79.0,88.5,129.4,2210.0,3.8,209.1,236.2,-1.8,
20260825,2026-08-25,65.6,8.0,Drive,65.7,3,shot,66.0,88.8,129.8,2610.0,3.0,211.1,230.7,-12.5,
20260825,2026-08-25,65.6,8.0,Drive,65.7,4,shot,52.0,89.5,132.0,1759.0,6.0,206.8,240.8,-17.7,
20260825,2026-08-25,65.6,8.0,Drive,65.7,5,shot,72.0,88.9,123.1,2407.0,3.6,193.5,221.4,-0.8,
20260825,2026-08-25,65.6,8.0,Drive,65.7,6,shot,77.0,90.8,133.2,1905.0,3.2,216.3,246.9,-9.2,
20260825,2026-08-25,65.6,8.0,Drive,65.7,,average,65.7,89.1,129.8,2152.0,3.9,206.9,235.7,-10.3,
