session_id,date,club,shot,row_type,club_speed,ball_speed,smash,attack_angle,club_path,face_angle,face_to_path,launch_angle,launch_direction,spin_rate,spin_axis,dynamic_loft,carry,total,side,side_total,curve,height,land_angle,hang_time
,,,,,mph,mph,,deg,deg,deg,deg,deg,deg,rpm,deg,deg,yds,yds,yds(+R/-L),yds(+R/-L),yds(+R/-L),ft,deg,s
20241125,2024-11-25,8Iron,1,shot,64.1,72.4,1.13,,,,,,,7110.0,,,82.9,90.0,,,,,,
20241125,2024-11-25,8Iron,2,shot,67.1,85.6,1.28,-0.8,-0.2,,9.2,,,7040.0,,,106.3,113.5,,,9.1,,,
20241125,2024-11-25,8Iron,3,shot,,85.7,,,,,,,,6055.0,,,108.2,121.3,,,5.4,,,
20241125,2024-11-25,8Iron,4,shot,,81.2,,,,,,,,7910.0,,,98.0,102.1,,,,,,
20241125,2024-11-25,8Iron,5,shot,65.0,87.3,1.34,-0.8,-4.2,,1.6,,,5416.0,,,112.8,126.0,,,1.9,,,
20241125,2024-11-25,8Iron,6,shot,64.0,78.3,1.22,1.8,-0.2,,-2.3,,,4630.0,,,94.8,118.6,,,-2.0,,,
20241125,2024-11-25,8Iron,7,shot,64.9,81.6,1.26,-1.2,-3.8,,10.3,,,7065.0,,,99.4,108.7,,,8.8,,,
20241125,2024-11-25,8Iron,8,shot,65.9,85.2,1.29,-0.6,-2.8,,-3.2,,,5010.0,,,109.2,125.4,,,-3.3,,,
20241125,2024-11-25,8Iron,9,shot,65.0,86.3,1.33,-2.0,-4.6,,3.1,,,5950.0,,,109.7,122.1,,,3.4,,,
20241125,2024-11-25,8Iron,10,shot,68.7,82.7,1.2,-0.4,-5.2,,1.8,,,5930.0,,,103.1,116.5,,,1.8,,,
20241125,2024-11-25,8Iron,11,shot,65.7,87.5,1.33,-2.2,-6.8,,6.0,,,6093.0,,,111.6,123.1,,,6.7,,,
20241125,2024-11-25,8Iron,12,shot,66.0,91.1,1.38,-2.6,1.2,,-1.2,,,5550.0,,,119.3,132.5,,,-1.6,,,
20241125,2024-11-25,8Iron,13,shot,65.8,82.6,1.25,-1.1,0.3,,5.4,,,6330.0,,,102.2,114.7,,,5.1,,,
20241125,2024-11-25,8Iron,14,shot,67.4,92.4,1.37,-2.2,0.2,,1.6,,,5981.0,,,120.7,132.1,,,2.3,,,
20241125,2024-11-25,8Iron,15,shot,68.1,87.4,1.28,-2.0,-2.2,,4.6,,,6111.0,,,111.5,121.5,,,5.1,,,
20241125,2024-11-25,8Iron,16,shot,68.7,95.0,1.38,-1.8,2.0,,-1.1,,,5420.0,,,127.4,138.5,,,-1.6,,,
20241125,2024-11-25,8Iron,17,shot,66.4,85.6,1.29,-0.4,0.2,,6.0,,,6710.0,,,107.0,114.3,,,6.0,,,
20241125,2024-11-25,8Iron,18,shot,67.7,83.2,1.23,1.2,-3.0,,0.5,,,4542.0,,,107.4,121.9,,,0.5,,,
20241125,2024-11-25,8Iron,19,shot,68.8,86.5,1.26,,,,,,,7680.0,,,107.1,112.6,,,,,,
20241125,2024-11-25,8Iron,20,shot,,89.5,,,,,,,,6160.0,,,115.1,125.9,,,-1.8,,,
20241125,2024-11-25,8Iron,21,shot,66.6,87.4,1.31,0.0,7.0,,-1.6,,,6140.0,,,111.7,120.3,,,-1.8,,,
20241125,2024-11-25,8Iron,22,shot,71.3,88.1,1.24,3.6,4.6,,-5.7,,,3913.0,,,118.8,133.9,,,-7.4,,,
20241125,2024-11-25,8Iron,23,shot,71.4,81.7,1.15,1.8,4.2,,-7.5,,,5310.0,,,99.4,121.9,,,-7.8,,,
20241125,2024-11-25,8Iron,24,shot,70.3,88.5,1.26,-2.0,-5.6,,9.5,,,7629.0,,,110.3,116.7,,,10.1,,,
20241125,2024-11-25,8Iron,25,shot,67.6,94.3,1.39,-1.4,3.0,,-2.1,,,4810.0,,,127.0,143.2,,,-3.1,,,
20241125,2024-11-25,8Iron,26,shot,69.4,91.9,1.32,-2.6,0.8,,2.7,,,5790.0,,,120.6,130.5,,,3.4,,,
20241125,2024-11-25,8Iron,27,shot,67.9,91.6,1.35,-1.8,0.0,,-6.1,,,5660.0,,,119.9,132.2,,,-7.9,,,
20241125,2024-11-25,8Iron,28,shot,66.0,84.0,1.27,0.0,-5.4,,4.0,,,5492.0,,,106.9,117.1,,,4.2,,,
20241125,2024-11-25,8Iron,29,shot,71.5,89.3,1.25,-3.0,0.6,,5.7,,,7243.0,,,112.4,118.0,,,6.3,,,
20241125,2024-11-25,8Iron,30,shot,70.1,93.4,1.33,0.0,0.0,,-2.0,,,5670.0,,,123.7,133.4,,,-2.9,,,
20241125,2024-11-25,8Iron,31,shot,69.2,89.9,1.3,0.2,5.2,,-2.2,,,6540.0,,,115.1,122.0,,,-2.8,,,
20241125,2024-11-25,8Iron,32,shot,71.8,88.3,1.23,-0.6,2.2,,-0.3,,,6340.0,,,112.8,122.0,,,-0.5,,,
20241125,2024-11-25,8Iron,33,shot,,93.4,,,,,,,,5867.0,,,122.9,133.4,,,-3.7,,,
20241125,2024-11-25,8Iron,34,shot,70.9,87.9,1.24,-0.6,2.4,,-1.3,,,5592.0,,,113.6,125.8,,,-1.6,,,
20241125,2024-11-25,8Iron,35,shot,69.2,86.4,1.25,-2.2,-3.8,,1.9,,,6497.0,,,108.2,122.1,,,2.2,,,
20241125,2024-11-25,8Iron,36,shot,68.4,93.7,1.37,-1.6,-1.0,,1.0,,,5890.0,,,123.5,133.1,,,1.6,,,
20241125,2024-11-25,8Iron,37,shot,70.2,98.7,1.41,-1.6,6.0,,-8.4,,,4860.0,,,133.9,150.9,,,-13.9,,,
20241125,2024-11-25,8Iron,38,shot,68.6,90.3,1.32,-1.2,4.4,,-3.0,,,5130.0,,,118.9,133.3,,,-3.9,,,
20241125,2024-11-25,8Iron,39,shot,71.6,85.0,1.19,0.6,4.8,,-6.2,,,3948.0,,,109.2,133.1,,,-6.8,,,
20241125,2024-11-25,8Iron,40,shot,73.4,89.8,1.22,-0.4,1.2,,6.7,,,7960.0,,,110.9,114.1,,,7.2,,,
20241125,2024-11-25,8Iron,41,shot,70.8,87.2,1.23,,,,,,,6890.0,,,108.9,117.0,,,,,,
20241125,2024-11-25,8Iron,42,shot,,88.5,,,,,,,,2840.0,,,99.1,145.6,,,-4.7,,,
20241125,2024-11-25,8Iron,43,shot,70.5,92.8,1.32,-3.0,0.8,,2.3,,,6510.0,,,120.3,127.8,,,2.9,,,
20241125,2024-11-25,8Iron,44,shot,71.7,94.5,1.32,-1.0,0.4,,-0.4,,,6074.0,,,124.5,132.3,,,-0.5,,,
20241125,2024-11-25,8Iron,45,shot,70.7,90.8,1.28,-0.8,0.4,,0.5,,,5784.0,,,118.6,128.9,,,0.7,,,
20241125,2024-11-25,8Iron,46,shot,70.5,91.5,1.3,-3.0,-0.4,,-0.0,,,6259.0,,,118.3,129.8,,,0.1,,,
20241125,2024-11-25,8Iron,47,shot,69.0,89.4,1.3,-1.6,-1.0,,2.6,,,6890.0,,,113.4,119.9,,,3.2,,,
20241125,2024-11-25,8Iron,48,shot,69.0,80.2,1.16,4.2,5.2,,,,,4170.0,,,88.3,126.5,,,-13.1,,,
20241125,2024-11-25,8Iron,49,shot,73.1,90.9,1.24,0.0,1.4,,-2.5,,,5706.0,,,118.9,130.3,,,-3.6,,,
20241125,2024-11-25,8Iron,50,shot,71.6,95.0,1.33,-1.6,3.6,,-1.9,,,5840.0,,,126.0,134.4,,,-2.9,,,
20241125,2024-11-25,8Iron,,average,68.7,88.0,1.1,-0.8,0.3,,0.7,,,5919.0,,,112.2,124.6,,,-0.0,,,
20241125,2024-11-25,8Iron,,consistency,2.4,4.9,0.63,1.6,3.4,,4.4,,,1034.0,,,10.0,10.5,,,5.3,,,
20241218,2024-12-18,8Iron,1,shot,67.4,89.7,1.33,-1.4,-8.0,,8.7,,,6546.0,,,114.4,123.2,,,10.3,,,
20241218,2024-12-18,8Iron,2,shot,70.9,88.8,1.25,1.4,-8.4,,5.2,,,5649.0,,,115.2,123.5,,,6.6,,,
20241218,2024-12-18,8Iron,3,shot,70.7,86.4,1.22,-2.2,-9.4,,11.1,,,8492.0,,,105.4,111.2,,,10.5,,,
20241218,2024-12-18,8Iron,4,shot,71.9,93.3,1.3,-1.6,-11.6,,4.2,,,6017.0,,,122.2,133.4,,,6.0,,,
20241218,2024-12-18,8Iron,5,shot,70.5,89.2,1.27,-3.0,-9.4,,9.7,,,7351.0,,,111.9,120.0,,,10.7,,,
20241218,2024-12-18,8Iron,6,shot,71.7,89.6,1.25,-0.6,-10.6,,0.6,,,5812.0,,,115.9,129.2,,,1.0,,,
20241218,2024-12-18,8Iron,7,shot,70.8,87.6,1.24,-1.2,-10.4,,6.4,,,6305.0,,,111.2,122.0,,,7.3,,,
20241218,2024-12-18,8Iron,8,shot,72.9,98.0,1.34,-2.4,-12.0,,4.6,,,6777.0,,,128.5,135.3,,,7.3,,,
20241218,2024-12-18,8Iron,9,shot,71.7,91.3,1.27,-3.7,-6.9,,1.5,,,6031.0,,,119.0,126.6,,,1.9,,,
20241218,2024-12-18,8Iron,10,shot,73.2,88.8,1.21,-1.6,-9.2,,5.8,,,7486.0,,,111.4,119.0,,,6.6,,,
20241218,2024-12-18,8Iron,11,shot,73.0,99.0,1.36,-3.2,-10.8,,0.6,,,6125.0,,,132.1,142.2,,,1.0,,,
20241218,2024-12-18,8Iron,12,shot,70.8,85.9,1.21,-3.4,-8.2,,6.3,,,6201.0,,,102.9,128.8,,,6.8,,,
20241218,2024-12-18,8Iron,13,shot,72.3,87.3,1.21,-1.6,-9.2,,3.2,,,6472.0,,,109.4,124.3,,,3.8,,,
20241218,2024-12-18,8Iron,14,shot,71.0,94.8,1.33,-1.8,-9.2,,3.6,,,6269.0,,,124.3,132.4,,,5.4,,,
20241218,2024-12-18,8Iron,15,shot,71.8,88.9,1.24,-2.2,-10.0,,6.2,,,6719.0,,,111.2,127.0,,,7.6,,,
20241218,2024-12-18,8Iron,16,shot,71.8,89.7,1.25,-3.6,-10.4,,9.4,,,7775.0,,,112.0,120.6,,,10.6,,,
20241218,2024-12-18,8Iron,17,shot,70.9,85.7,1.21,-2.8,-8.4,,10.1,,,8349.0,,,104.6,112.1,,,9.5,,,
20241218,2024-12-18,8Iron,18,shot,70.6,89.5,1.27,-3.8,-10.2,,2.4,,,5130.0,,,114.1,137.7,,,3.0,,,
20241218,2024-12-18,8Iron,19,shot,70.6,84.0,1.19,-4.0,-12.2,,10.4,,,8099.0,,,101.2,113.8,,,9.3,,,
20241218,2024-12-18,8Iron,20,shot,72.6,91.5,1.26,-2.8,-12.0,,8.4,,,7269.0,,,116.1,122.9,,,10.0,,,
20241218,2024-12-18,8Iron,21,shot,73.1,91.4,1.25,-3.0,-9.6,,10.4,,,7861.0,,,114.6,120.2,,,12.0,,,
20241218,2024-12-18,8Iron,22,shot,71.5,92.6,1.3,-2.8,-9.8,,9.4,,,7174.0,,,118.0,125.0,,,11.6,,,
20241218,2024-12-18,8Iron,23,shot,73.2,102.4,1.4,-2.0,-8.4,,-3.5,,,5458.0,,,140.2,152.0,,,-6.4,,,
20241218,2024-12-18,8Iron,24,shot,71.5,95.0,1.33,-2.8,-6.4,,2.4,,,6299.0,,,124.7,133.5,,,3.5,,,
20241218,2024-12-18,8Iron,25,shot,71.2,98.0,1.38,-0.6,-4.6,,-4.5,,,5410.0,,,132.4,144.4,,,-7.7,,,
20241218,2024-12-18,8Iron,26,shot,73.9,96.2,1.3,-3.3,-3.3,,2.3,,,6788.0,,,125.4,131.8,,,3.2,,,
20241218,2024-12-18,8Iron,27,shot,73.3,95.8,1.31,-2.0,-7.8,,6.9,,,7059.0,,,123.5,128.1,,,9.7,,,
20241218,2024-12-18,8Iron,28,shot,75.1,102.6,1.37,-1.2,-6.4,,0.9,,,6214.0,,,138.3,144.7,,,2.1,,,
20241218,2024-12-18,8Iron,29,shot,73.4,95.7,1.3,-3.3,-4.5,,2.2,,,6570.0,,,125.2,132.1,,,3.3,,,
20241218,2024-12-18,8Iron,,average,71.8,92.0,1.28,-2.3,-8.9,,5.0,,,6680.0,,,118.1,128.2,,,5.7,,,
20241218,2024-12-18,8Iron,,consistency,1.4,4.8,0.06,1.2,2.2,,4.1,,,871.0,,,9.9,9.7,,,4.8,,,
20250130,2025-01-30,5Iron,1,shot,80.6,113.8,1.41,-1.9,-1.5,,-1.4,,,,,17.9,162.6,182.5,,,,,,
20250130,2025-01-30,5Iron,2,shot,79.2,107.6,1.36,-2.4,-2.2,,4.9,,,,,22.3,150.4,163.8,,,,,,
20250130,2025-01-30,5Iron,3,shot,80.1,93.1,1.16,2.4,-1.2,,-7.2,,,,,17.2,113.1,156.8,,,,,,
20250130,2025-01-30,5Iron,4,shot,80.1,114.7,1.43,-1.2,0.8,,-3.8,,,,,17.4,167.6,192.5,,,,,,
20250130,2025-01-30,5Iron,5,shot,79.6,114.5,1.44,-2.4,-1.4,,2.7,,,,,20.6,164.6,177.7,,,,,,
20250130,2025-01-30,5Iron,6,shot,79.7,112.2,1.41,0.4,0.4,,-6.0,,,,,17.2,160.6,190.6,,,,,,
20250130,2025-01-30,5Iron,7,shot,80.3,111.3,1.39,-1.6,-1.6,,-1.0,,,,,18.0,159.4,182.5,,,,,,
20250130,2025-01-30,5Iron,8,shot,80.1,108.5,1.35,0.2,-1.8,,-3.6,,,,,19.7,154.7,175.3,,,,,,
20250130,2025-01-30,5Iron,9,shot,80.3,114.9,1.43,-0.6,0.8,,2.2,,,,,22.8,166.7,175.8,,,,,,
20250130,2025-01-30,5Iron,10,shot,80.3,109.4,1.36,-1.6,-1.2,,-4.5,,,,,18.4,154.1,177.4,,,,,,
20250130,2025-01-30,5Iron,11,shot,80.9,103.0,1.27,-1.2,-0.4,,-0.9,,,,,19.2,142.6,168.4,,,,,,
20250130,2025-01-30,5Iron,12,shot,80.1,107.0,1.34,0.0,0.8,,-0.2,,,,,20.3,152.2,171.7,,,,,,
20250130,2025-01-30,5Iron,13,shot,79.9,105.2,1.32,0.4,0.6,,-3.2,,,,,19.1,150.2,178.0,,,,,,
20250130,2025-01-30,5Iron,14,shot,81.3,108.9,1.34,0.0,2.6,,-3.5,,,,,16.5,150.0,179.8,,,,,,
20250130,2025-01-30,5Iron,15,shot,79.7,93.5,1.17,0.8,0.8,,-4.0,,,,,17.8,119.0,162.4,,,,,,
20250130,2025-01-30,5Iron,16,shot,81.5,113.9,1.4,0.0,0.0,,-0.4,,,,,22.0,165.5,176.8,,,,,,
20250130,2025-01-30,5Iron,17,shot,80.9,100.4,1.24,-0.6,-0.4,,-4.6,,,,,16.7,132.3,172.8,,,,,,
20250130,2025-01-30,5Iron,18,shot,81.3,107.4,1.32,0.0,-0.8,,-1.7,,,,,19.2,154.1,178.3,,,,,,
20250130,2025-01-30,5Iron,,average,80.3,107.7,1.34,-0.5,-0.3,,-2.0,,,,,19.0,151.1,175.7,,,,,,
20250130,2025-01-30,5Iron,,consistency,0.6,6.5,0.08,1.2,1.2,,3.0,,,,,1.9,15.2,8.8,,,,,,
20250226,2025-02-26,Driver,1,shot,92.9,129.7,1.4,-0.6,6.4,,2.4,,,2788.0,,,208.5,228.9,,,4.1,,,
20250226,2025-02-26,Driver,2,shot,92.9,132.5,1.43,0.0,7.4,,-2.2,,,3179.0,,,211.2,227.7,,,3.4,,,
20250226,2025-02-26,Driver,3,shot,95.1,140.2,1.47,0.4,7.0,,-4.0,,,2460.0,,,221.9,256.2,,,-17.5,,,
20250226,2025-02-26,Driver,4,shot,94.1,128.6,1.37,1.0,7.6,,-4.2,,,2625.0,,,208.2,226.7,,,-22.0,,,
20250226,2025-02-26,Driver,5,shot,95.0,137.1,1.44,-0.6,9.4,,-0.2,,,3311.0,,,219.9,233.3,,,-0.2,,,
20250226,2025-02-26,Driver,6,shot,95.8,139.6,1.46,1.6,8.8,,-0.1,,,2774.0,,,229.5,247.7,,,0.1,,,
20250226,2025-02-26,Driver,7,shot,93.9,138.8,1.48,1.2,6.2,,0.3,,,2290.0,,,220.7,255.3,,,-14.9,,,
20250226,2025-02-26,Driver,,average,94.3,135.2,1.43,0.4,7.5,,-1.1,,,2775.0,,,217.1,239.4,,,-6.7,,,
20250226,2025-02-26,Driver,,consistency,1.0,4.5,0.04,0.8,1.1,,2.3,,,340.0,,,7.4,12.3,,,10.2,,,
20250226,2025-02-26,5Iron,1,shot,78.0,107.7,1.38,-4.0,-4.2,,10.5,,,5890.0,,,146.6,158.2,,,21.3,,,
20250226,2025-02-26,5Iron,2,shot,78.1,100.7,1.29,-1.6,-2.4,,-1.6,,,4420.0,,,137.4,161.5,,,-3.2,,,
20250226,2025-02-26,5Iron,3,shot,77.5,109.9,1.42,-3.0,-3.4,,5.1,,,4854.0,,,155.3,170.6,,,12.6,,,
20250226,2025-02-26,5Iron,4,shot,78.2,105.1,1.34,-2.6,-5.2,,7.5,,,5488.0,,,144.4,156.1,,,15.1,,,
20250226,2025-02-26,5Iron,5,shot,81.8,112.4,1.37,-3.0,-4.8,,2.8,,,5038.0,,,160.3,171.6,,,7.5,,,
20250226,2025-02-26,5Iron,6,shot,80.6,97.9,1.22,,,,,,,4714.0,,,129.1,145.7,,,,,,
20250226,2025-02-26,5Iron,7,shot,78.7,105.6,1.34,-1.2,-2.4,,1.8,,,4542.0,,,149.5,164.8,,,4.4,,,
20250226,2025-02-26,5Iron,8,shot,80.4,109.7,1.36,-2.0,-5.8,,3.1,,,4941.0,,,155.0,169.3,,,8.0,,,
20250226,2025-02-26,5Iron,9,shot,79.3,101.1,1.28,-1.2,-2.0,,-0.3,,,3923.0,,,138.5,166.5,,,-0.5,,,
20250226,2025-02-26,5Iron,10,shot,79.8,106.7,1.34,-2.4,-3.4,,6.6,,,5725.0,,,146.4,157.7,,,14.4,,,
20250226,2025-02-26,5Iron,11,shot,79.0,105.9,1.34,-2.4,-5.8,,3.2,,,4850.0,,,147.5,164.8,,,7.5,,,
20250226,2025-02-26,5Iron,12,shot,81.2,112.5,1.38,-2.2,-0.4,,4.8,,,5378.0,,,158.7,168.1,,,12.5,,,
20250226,2025-02-26,5Iron,13,shot,80.7,104.5,1.29,-2.0,-3.6,,0.3,,,4031.0,,,147.2,169.5,,,0.8,,,
20250226,2025-02-26,5Iron,14,shot,78.6,115.4,1.47,-2.4,-1.4,,-2.0,,,4090.0,,,167.5,189.2,,,-5.9,,,
20250226,2025-02-26,5Iron,15,shot,81.0,117.1,1.45,-2.0,1.0,,-2.6,,,4260.0,,,171.2,189.1,,,-7.8,,,
20250226,2025-02-26,5Iron,16,shot,81.1,115.0,1.42,-2.0,1.0,,3.3,,,4990.0,,,165.2,175.9,,,9.7,,,
20250226,2025-02-26,5Iron,17,shot,81.1,109.4,1.35,-1.2,-0.6,,-1.3,,,3947.0,,,158.6,177.9,,,-3.4,,,
20250226,2025-02-26,5Iron,18,shot,81.1,115.5,1.43,-2.4,0.0,,1.2,,,4987.0,,,165.8,178.9,,,2.5,,,
20250226,2025-02-26,5Iron,19,shot,81.4,103.4,1.27,-2.4,-2.2,,8.8,,,6180.0,,,138.9,148.1,,,16.5,,,
20250226,2025-02-26,5Iron,20,shot,82.4,114.8,1.39,-1.6,-3.0,,0.5,,,4638.0,,,167.2,178.1,,,1.7,,,
20250226,2025-02-26,5Iron,21,shot,81.1,108.8,1.34,-2.8,-3.2,,3.3,,,4820.0,,,152.8,170.5,,,8.0,,,
20250226,2025-02-26,5Iron,22,shot,79.4,100.9,1.27,-0.6,-1.8,,3.0,,,4375.0,,,140.8,158.2,,,5.9,,,
20250226,2025-02-26,5Iron,23,shot,82.7,117.7,1.42,-1.6,-3.2,,-1.7,,,4019.0,,,174.8,191.4,,,-5.2,,,
20250226,2025-02-26,5Iron,24,shot,81.7,109.2,1.34,-1.4,-1.4,,3.0,,,4383.0,,,156.9,172.4,,,7.4,,,
20250226,2025-02-26,5Iron,25,shot,81.8,103.4,1.26,0.2,0.4,,-2.6,,,4030.0,,,143.2,169.2,,,-6.1,,,
20250226,2025-02-26,5Iron,26,shot,80.8,106.1,1.31,-1.8,-1.0,,4.1,,,5070.0,,,147.9,162.3,,,9.3,,,
20250226,2025-02-26,5Iron,27,shot,80.8,106.7,1.32,-2.6,-4.0,,4.0,,,4480.0,,,147.4,172.2,,,9.5,,,
20250226,2025-02-26,5Iron,28,shot,79.2,106.0,1.34,-1.4,-4.4,,-0.5,,,4079.0,,,149.3,173.1,,,-1.1,,,
20250226,2025-02-26,5Iron,29,shot,81.1,112.8,1.39,-3.8,0.0,,2.5,,,5229.0,,,158.8,173.4,,,7.3,,,
20250226,2025-02-26,5Iron,30,shot,82.3,108.0,1.31,-0.6,-2.8,,3.0,,,4489.0,,,154.7,168.5,,,7.4,,,
20250226,2025-02-26,5Iron,31,shot,83.4,115.0,1.38,-1.6,-5.4,,1.3,,,4533.0,,,167.3,181.2,,,3.0,,,
20250226,2025-02-26,5Iron,32,shot,83.5,118.2,1.42,-1.4,-1.4,,0.6,,,4905.0,,,171.8,181.9,,,2.4,,,
20250226,2025-02-26,5Iron,,average,80.6,108.8,1.35,-2.0,-2.5,,2.3,,,4728.0,,,153.6,169.9,,,5.2,,,
20250226,2025-02-26,5Iron,,consistency,1.6,5.4,0.06,0.9,1.9,,3.2,,,572.0,,,11.2,10.7,,,7.1,,,
20250226,2025-02-26,8Iron,1,shot,74.3,93.5,1.26,-1.7,3.9,,-7.0,,,5220.0,,,123.2,140.4,,,-10.2,,,
20250226,2025-02-26,8Iron,2,shot,71.6,92.4,1.29,-1.0,2.4,,1.0,,,5954.0,,,121.0,130.8,,,1.3,,,
20250226,2025-02-26,8Iron,3,shot,74.3,98.9,1.33,-2.2,4.8,,0.8,,,6100.0,,,132.0,137.9,,,1.4,,,
20250226,2025-02-26,8Iron,4,shot,74.6,98.1,1.32,-2.2,1.2,,1.4,,,6369.0,,,129.9,136.3,,,2.1,,,
20250226,2025-02-26,8Iron,5,shot,73.3,96.4,1.32,-2.4,-1.8,,0.7,,,6209.0,,,127.5,136.3,,,1.3,,,
20250226,2025-02-26,8Iron,6,shot,75.7,91.1,1.2,-0.6,0.8,,-2.2,,,5470.0,,,119.1,134.3,,,-3.1,,,
20250226,2025-02-26,8Iron,7,shot,76.1,94.9,1.25,-4.2,-0.6,,4.6,,,7349.0,,,121.8,131.4,,,6.5,,,
20250226,2025-02-26,8Iron,8,shot,74.5,97.8,1.31,-3.6,-2.8,,3.6,,,6669.0,,,128.4,134.6,,,5.4,,,
20250226,2025-02-26,8Iron,9,shot,74.9,95.6,1.28,-4.8,-2.8,,1.1,,,6631.0,,,124.6,135.7,,,1.7,,,
20250226,2025-02-26,8Iron,10,shot,74.7,96.1,1.29,-4.2,-2.2,,5.2,,,6520.0,,,126.0,133.7,,,7.3,,,
20250226,2025-02-26,8Iron,,average,74.4,95.5,1.28,-2.7,0.3,,0.9,,,6249.0,,,125.3,135.1,,,1.4,,,
20250226,2025-02-26,8Iron,,consistency,1.2,2.4,0.04,1.4,2.6,,3.3,,,583.0,,,3.9,2.7,,,4.8,,,
20250305,2025-03-05,3Wood,1,shot,87.4,126.6,1.45,-1.2,-3.2,,5.4,,,3880.0,,,191.4,208.0,,,22.8,,,
20250305,2025-03-05,3Wood,2,shot,87.4,107.5,1.23,-1.6,0.2,,-5.3,,,5452.0,,,148.6,162.8,,,-7.3,,,
20250305,2025-03-05,3Wood,3,shot,88.9,129.1,1.45,-2.2,-1.2,,2.2,,,3940.0,,,195.7,213.0,,,13.7,,,
20250305,2025-03-05,3Wood,4,shot,87.7,121.8,1.39,-1.2,-2.2,,-4.0,,,3710.0,,,183.4,203.4,,,-6.8,,,
20250305,2025-03-05,3Wood,5,shot,86.4,119.2,1.38,-0.8,-1.6,,0.3,,,3810.0,,,178.9,196.3,,,6.8,,,
20250305,2025-03-05,3Wood,6,shot,87.2,122.8,1.41,2.4,6.4,,-6.4,,,1970.0,,,146.2,191.6,,,-22.3,,,
20250305,2025-03-05,3Wood,7,shot,90.1,130.1,1.44,-0.2,6.4,,-6.6,,,2550.0,,,197.7,235.7,,,-20.2,,,
20250305,2025-03-05,3Wood,8,shot,91.3,135.0,1.48,-0.2,5.6,,1.9,,,2980.0,,,213.3,239.3,,,-1.5,,,
20250305,2025-03-05,3Wood,,average,88.3,124.0,1.4,-0.6,1.3,,-1.6,,,3536.0,,,181.9,206.3,,,-1.9,,,
20250305,2025-03-05,3Wood,,consistency,1.6,7.9,0.07,1.3,3.9,,4.3,,,987.0,,,22.1,22.9,,,14.7,,,
20250305,2025-03-05,5Iron,1,shot,76.5,108.8,1.42,-1.8,-3.0,,-0.1,,,4240.0,,,155.4,175.1,,,-0.3,,,
20250305,2025-03-05,5Iron,2,shot,76.9,100.9,1.31,-2.6,-3.2,,6.0,,,5050.0,,,136.5,155.7,,,11.3,,,
20250305,2025-03-05,5Iron,3,shot,78.3,101.2,1.29,-4.4,-7.0,,8.7,,,6856.0,,,131.3,146.3,,,15.2,,,
20250305,2025-03-05,5Iron,4,shot,77.6,96.0,1.24,0.0,-5.0,,2.6,,,4690.0,,,128.9,149.5,,,4.5,,,
20250305,2025-03-05,5Iron,5,shot,78.2,112.3,1.44,-2.4,-7.2,,4.5,,,4825.0,,,160.4,174.3,,,11.8,,,
20250305,2025-03-05,5Iron,6,shot,78.2,100.6,1.29,-2.8,-4.8,,8.0,,,5964.0,,,126.8,155.0,,,15.1,,,
20250305,2025-03-05,5Iron,7,shot,78.1,112.2,1.44,-4.0,-7.2,,5.2,,,4890.0,,,158.5,175.4,,,13.1,,,
20250305,2025-03-05,5Iron,8,shot,77.5,107.5,1.39,-4.2,-6.8,,3.5,,,4440.0,,,148.8,174.3,,,7.1,,,
20250305,2025-03-05,5Iron,9,shot,78.5,111.4,1.42,-3.4,-5.8,,2.7,,,4690.0,,,158.6,175.6,,,7.3,,,
20250305,2025-03-05,5Iron,10,shot,77.2,109.7,1.42,-3.0,-5.6,,3.9,,,5043.0,,,154.6,168.5,,,9.8,,,
20250305,2025-03-05,5Iron,,average,77.7,106.1,1.37,-2.9,-5.6,,4.5,,,5069.0,,,146.0,165.0,,,9.5,,,
20250305,2025-03-05,5Iron,,consistency,0.6,5.6,0.07,1.2,1.5,,2.5,,,739.0,,,12.9,11.3,,,4.7,,,
20250305,2025-03-05,8Iron,1,shot,68.5,83.1,1.21,,,,,,,6650.0,,,101.5,110.6,,,,,,
20250305,2025-03-05,8Iron,2,shot,69.6,92.5,1.33,-1.0,-1.6,,-6.2,,,5011.0,,,121.1,141.3,,,-8.9,,,
20250305,2025-03-05,8Iron,3,shot,70.9,91.3,1.29,-2.0,1.0,,0.4,,,6006.0,,,118.6,131.2,,,0.6,,,
20250305,2025-03-05,8Iron,4,shot,70.1,90.2,1.29,-4.0,-1.8,,1.7,,,4970.0,,,116.7,138.7,,,2.3,,,
20250305,2025-03-05,8Iron,5,shot,71.3,93.6,1.31,-4.6,-3.0,,3.3,,,6889.0,,,120.6,131.2,,,4.5,,,
20250305,2025-03-05,8Iron,6,shot,70.6,99.1,1.4,-3.2,-2.6,,-1.4,,,5180.0,,,135.1,148.6,,,-2.3,,,
20250305,2025-03-05,8Iron,7,shot,70.7,92.9,1.31,-4.2,-2.4,,-1.2,,,6003.0,,,118.8,138.6,,,-1.6,,,
20250305,2025-03-05,8Iron,8,shot,71.7,96.4,1.34,-3.2,-1.2,,4.0,,,5870.0,,,128.3,138.1,,,6.0,,,
20250305,2025-03-05,8Iron,9,shot,71.3,95.8,1.34,-3.0,-4.2,,-3.9,,,5599.0,,,126.9,142.1,,,-5.6,,,
20250305,2025-03-05,8Iron,10,shot,70.8,94.4,1.33,-3.2,-1.8,,4.7,,,6890.0,,,122.0,128.9,,,6.5,,,
20250305,2025-03-05,8Iron,11,shot,72.5,94.2,1.3,-3.6,-4.8,,2.8,,,6739.0,,,122.2,129.6,,,3.8,,,
20250305,2025-03-05,8Iron,12,shot,72.4,98.5,1.36,-2.4,-0.8,,-1.3,,,5580.0,,,132.8,145.1,,,-2.0,,,
20250305,2025-03-05,8Iron,,average,70.9,93.5,1.32,-3.1,-2.1,,0.3,,,5949.0,,,122.0,135.3,,,0.3,,,
20250305,2025-03-05,8Iron,,consistency,1.1,4.0,0.04,1.0,1.5,,3.3,,,682.0,,,8.3,9.6,,,4.7,,,
20250416,2025-04-16,3Wood,1,shot,86.7,124.7,1.44,-1.2,2.2,0.6,,13.1,,3471.0,,,189.7,212.7,,,,,,
20250416,2025-04-16,3Wood,2,shot,87.2,117.5,1.35,-3.0,2.8,2.8,,15.3,,4592.0,,,171.1,185.7,,,,,,
20250416,2025-04-16,3Wood,3,shot,86.5,119.7,1.38,-2.4,2.2,3.4,,14.1,,2918.0,,,181.6,211.0,,,,,,
20250416,2025-04-16,3Wood,4,shot,86.3,123.5,1.43,-2.0,4.4,5.0,,14.4,,3122.0,,,190.6,214.0,,,,,,
20250416,2025-04-16,3Wood,5,shot,84.4,125.1,1.48,-3.4,2.4,3.0,,11.0,,3310.0,,,186.4,218.1,,,,,,
20250416,2025-04-16,3Wood,6,shot,90.0,124.2,1.38,3.2,6.8,6.4,,15.3,,2180.0,,,186.5,224.3,,,,,,
20250416,2025-04-16,3Wood,7,shot,93.1,138.9,1.49,1.0,3.0,0.4,,10.7,,2042.0,,,210.9,254.3,,,,,,
20250416,2025-04-16,3Wood,8,shot,90.5,131.9,1.46,0.6,4.0,2.1,,13.2,,2350.0,,,207.7,241.9,,,,,,
20250416,2025-04-16,3Wood,,average,88.1,125.7,1.43,-0.9,3.5,3.0,,13.4,,2998.0,,,190.6,220.2,,,,,,
20250416,2025-04-16,3Wood,,consistency,2.7,6.4,0.05,2.1,1.5,1.9,,1.7,,782.0,,,12.3,19.4,,,,,,
20250416,2025-04-16,5Iron,1,shot,74.6,101.3,1.36,-6.2,0.4,5.0,,13.1,,5046.0,,,132.3,161.8,,,,,,
20250416,2025-04-16,5Iron,2,shot,75.3,101.2,1.34,-4.2,-0.4,-2.4,,11.7,,3920.0,,,130.4,173.1,,,,,,
20250416,2025-04-16,5Iron,3,shot,76.1,111.9,1.47,-4.8,-0.4,-0.5,,12.3,,4190.0,,,156.9,185.2,,,,,,
20250416,2025-04-16,5Iron,4,shot,75.4,111.8,1.48,-4.2,1.0,-0.6,,12.3,,3621.0,,,157.6,190.0,,,,,,
20250416,2025-04-16,5Iron,5,shot,76.9,110.2,1.43,-5.4,0.0,3.4,,13.2,,4428.0,,,153.9,179.3,,,,,,
20250416,2025-04-16,5Iron,6,shot,76.9,109.3,1.42,-4.8,-0.4,0.8,,13.5,,4634.0,,,152.0,176.1,,,,,,
20250416,2025-04-16,5Iron,7,shot,77.0,107.8,1.4,-5.8,-0.2,0.1,,11.7,,4608.0,,,145.5,176.6,,,,,,
20250416,2025-04-16,5Iron,8,shot,76.9,107.2,1.39,-3.6,1.0,-2.0,,12.7,,3513.0,,,147.4,183.1,,,,,,
20250416,2025-04-16,5Iron,9,shot,77.8,109.9,1.41,-3.2,1.8,-0.6,,12.1,,4261.0,,,151.3,181.5,,,,,,
20250416,2025-04-16,5Iron,10,shot,79.1,108.6,1.37,-3.8,-1.4,-1.3,,13.6,,4602.0,,,150.9,175.1,,,,,,
20250416,2025-04-16,5Iron,,average,76.6,107.9,1.41,-4.6,0.1,0.2,,12.6,,4282.0,,,147.8,178.2,,,,,,
20250416,2025-04-16,5Iron,,consistency,1.3,3.6,0.04,0.9,0.9,2.2,,0.7,,459.0,,,9.0,7.3,,,,,,
20250416,2025-04-16,8Iron,1,shot,70.5,93.6,1.33,-4.7,4.5,0.6,,18.5,,5754.0,,,121.9,138.5,,,,,,
20250416,2025-04-16,8Iron,2,shot,70.7,76.3,1.08,-1.2,2.8,-0.1,,18.5,,5147.0,,,87.2,115.7,,,,,,
20250416,2025-04-16,8Iron,3,shot,71.8,92.2,1.28,-2.2,3.4,-3.2,,18.1,,4895.0,,,120.1,142.1,,,,,,
20250416,2025-04-16,8Iron,4,shot,70.7,79.7,1.13,-1.2,5.2,-2.6,,17.2,,1594.0,,,87.5,131.1,,,,,,
20250416,2025-04-16,8Iron,5,shot,72.3,89.9,1.24,-3.4,3.6,4.9,,19.2,,6502.0,,,113.9,128.8,,,,,,
20250416,2025-04-16,8Iron,6,shot,72.1,94.2,1.31,-2.6,2.4,-3.5,,17.0,,4817.0,,,123.2,147.4,,,,,,
20250416,2025-04-16,8Iron,7,shot,71.7,97.8,1.36,-5.0,6.6,2.3,,16.7,,5163.0,,,130.1,150.8,,,,,,
20250416,2025-04-16,8Iron,8,shot,72.7,102.1,1.4,-6.2,2.4,-0.9,,15.2,,5525.0,,,136.6,156.7,,,,,,
20250416,2025-04-16,8Iron,9,shot,72.4,101.8,1.41,-4.6,7.2,1.5,,16.5,,5318.0,,,137.4,155.8,,,,,,
20250416,2025-04-16,8Iron,,average,71.7,91.9,1.28,-3.5,4.2,-0.1,,17.4,,4968.0,,,117.6,140.8,,,,,,
20250416,2025-04-16,8Iron,,consistency,0.8,8.5,0.11,1.7,1.7,2.6,,1.2,,1286.0,,,17.7,12.9,,,,,,
20250530,2025-05-30,3Wood,1,shot,91.5,135.2,1.48,-3.3,3.5,,3.0,,,3175.0,,,215.1,233.6,,,,,,
20250530,2025-05-30,3Wood,2,shot,92.1,121.4,1.32,-4.3,4.1,,3.9,,,4056.0,,,182.8,194.8,,,,,,
20250530,2025-05-30,3Wood,3,shot,92.5,131.8,1.42,-5.0,-1.8,,5.1,,,4510.0,,,193.6,212.6,,,,,,
20250530,2025-05-30,3Wood,4,shot,93.8,132.5,1.41,-3.7,3.3,,-0.5,,,2298.0,,,208.5,243.8,,,,,,
20250530,2025-05-30,3Wood,,average,92.5,130.2,1.41,-4.1,2.3,,2.9,,,3510.0,,,200.0,221.2,,,,,,
20250530,2025-05-30,3Wood,,consistency,0.9,5.3,0.06,0.6,2.4,,2.1,,,849.0,,,12.6,18.9,,,,,,
20250530,2025-05-30,4Iron,1,shot,84.2,116.7,1.39,-3.4,-0.2,,1.1,,,3541.0,,,169.3,199.5,,,,,,
20250530,2025-05-30,4Iron,2,shot,82.6,120.1,1.46,-4.6,-1.6,,1.4,,,3963.0,,,174.3,201.2,,,,,,
20250530,2025-05-30,4Iron,,average,83.4,118.4,1.42,-4.0,-0.9,,1.2,,,3752.0,,,171.8,200.3,,,,,,
20250530,2025-05-30,4Iron,,consistency,0.8,1.7,0.03,0.6,0.7,,0.1,,,211.0,,,2.5,0.9,,,,,,
20250530,2025-05-30,6Iron,1,shot,80.2,109.0,1.36,-5.6,-3.6,,4.7,,,5204.0,,,149.3,170.5,,,,,,
20250530,2025-05-30,6Iron,2,shot,79.9,109.4,1.37,-5.6,-2.6,,2.8,,,5392.0,,,149.4,170.4,,,,,,
20250530,2025-05-30,6Iron,3,shot,81.4,115.0,1.41,-5.0,-2.4,,-1.7,,,4755.0,,,162.5,184.1,,,,,,
20250530,2025-05-30,6Iron,4,shot,81.4,114.4,1.41,-6.6,-1.4,,2.8,,,5581.0,,,159.6,174.5,,,,,,
20250530,2025-05-30,6Iron,,average,80.8,111.9,1.39,-5.7,-2.5,,2.1,,,5233.0,,,155.2,174.9,,,,,,
20250530,2025-05-30,6Iron,,consistency,0.7,2.8,0.02,0.6,0.8,,2.3,,,307.0,,,6.0,5.6,,,,,,
20250530,2025-05-30,PitchingWedge,1,shot,65.4,72.9,1.11,,,,,,,7350.0,,,84.4,89.4,,,,,,
20250530,2025-05-30,PitchingWedge,2,shot,69.1,77.0,1.11,0.4,2.4,,-10.3,,,6770.0,,,91.3,104.2,,,,,,
20250530,2025-05-30,PitchingWedge,3,shot,73.5,86.6,1.18,-3.4,2.4,,0.7,,,8540.0,,,105.6,109.7,,,,,,
20250530,2025-05-30,PitchingWedge,4,shot,73.6,91.2,1.24,-5.0,1.4,,-5.9,,,7880.0,,,114.6,120.5,,,,,,
20250530,2025-05-30,PitchingWedge,5,shot,73.0,87.2,1.19,-6.2,2.4,,-3.9,,,6400.0,,,109.2,125.2,,,,,,
20250530,2025-05-30,PitchingWedge,6,shot,76.0,91.3,1.2,-3.8,0.0,,-3.4,,,8120.0,,,114.4,119.9,,,,,,
20250530,2025-05-30,PitchingWedge,7,shot,74.0,89.0,1.2,-7.0,-1.0,,-2.7,,,7920.0,,,110.9,120.6,,,,,,
20250530,2025-05-30,PitchingWedge,8,shot,74.4,91.7,1.23,-6.0,-0.2,,-4.0,,,7770.0,,,115.8,123.1,,,,,,
20250530,2025-05-30,PitchingWedge,9,shot,75.0,94.2,1.26,-7.0,0.2,,-0.5,,,7800.0,,,119.9,125.8,,,,,,
20250530,2025-05-30,PitchingWedge,,average,72.7,86.8,1.19,-4.8,0.9,,-3.7,,,7617.0,,,107.3,115.4,,,,,,
20250530,2025-05-30,PitchingWedge,,consistency,3.1,6.8,0.05,2.3,1.3,,3.2,,,632.0,,,11.2,11.4,,,,,,
20250612,2025-06-12,5Iron,1,shot,83.3,119.2,1.43,-2.0,0.6,,-2.5,,,3749.0,,,178.8,197.3,,,,,,
20250612,2025-06-12,5Iron,2,shot,82.5,118.6,1.44,-3.2,0.2,,3.2,,,4416.0,,,174.7,188.3,,,,,,
20250612,2025-06-12,5Iron,3,shot,83.0,112.1,1.35,-2.6,-1.6,,-0.4,,,4680.0,,,159.6,177.5,,,,,,
20250612,2025-06-12,5Iron,4,shot,82.4,117.6,1.43,-3.0,-1.4,,-2.4,,,3714.0,,,173.7,197.3,,,,,,
20250612,2025-06-12,5Iron,5,shot,81.8,119.5,1.46,-2.8,2.8,,-1.6,,,3891.0,,,178.3,196.7,,,,,,
20250612,2025-06-12,5Iron,,average,82.6,117.4,1.42,-2.7,0.1,,-0.7,,,4090.0,,,173.0,191.4,,,,,,
20250612,2025-06-12,5Iron,,consistency,0.5,2.7,0.04,0.4,1.6,,2.1,,,388.0,,,7.0,7.8,,,,,,
20250612,2025-06-12,8Iron,1,shot,76.4,100.9,1.32,-3.9,1.9,,-6.3,,,5173.0,,,138.0,152.0,,,,,,
20250612,2025-06-12,8Iron,2,shot,76.8,93.7,1.22,-3.6,0.0,,0.2,,,6071.0,,,121.4,137.7,,,,,,
20250612,2025-06-12,8Iron,3,shot,76.2,106.4,1.4,-4.2,0.0,,-0.5,,,5756.0,,,146.7,155.8,,,,,,
20250612,2025-06-12,8Iron,4,shot,77.0,98.6,1.28,-2.4,0.4,,-2.9,,,5453.0,,,133.3,146.0,,,,,,
20250612,2025-06-12,8Iron,5,shot,78.0,103.3,1.32,-2.8,0.4,,-2.7,,,6008.0,,,139.4,152.4,,,,,,
20250612,2025-06-12,8Iron,6,shot,78.5,102.7,1.31,-1.4,-0.4,,-4.2,,,5269.0,,,141.9,151.8,,,,,,
20250612,2025-06-12,8Iron,7,shot,78.2,106.3,1.36,-4.0,3.0,,-3.3,,,5977.0,,,145.5,154.3,,,,,,
20250612,2025-06-12,8Iron,8,shot,79.4,111.7,1.41,-3.8,1.2,,-3.2,,,5766.0,,,155.8,162.7,,,,,,
20250612,2025-06-12,8Iron,9,shot,79.9,110.0,1.38,-2.8,0.6,,-1.3,,,6105.0,,,151.1,155.8,,,,,,
20250612,2025-06-12,8Iron,10,shot,80.5,107.0,1.33,-0.8,4.0,,-4.5,,,5491.0,,,148.6,156.5,,,,,,
20250612,2025-06-12,8Iron,11,shot,82.3,105.1,1.28,,,,,,,2221.0,,,28.1,92.8,,,,,,
20250612,2025-06-12,8Iron,12,shot,78.6,107.4,1.37,-3.6,-2.8,,-1.7,,,6079.0,,,147.1,153.7,,,,,,
20250612,2025-06-12,8Iron,13,shot,78.5,105.3,1.34,-2.8,3.6,,-3.3,,,5935.0,,,143.8,153.3,,,,,,
20250612,2025-06-12,8Iron,14,shot,79.4,102.2,1.29,-2.6,-1.2,,-2.7,,,5794.0,,,138.9,149.4,,,,,,
20250612,2025-06-12,8Iron,15,shot,80.0,101.9,1.27,-3.6,0.0,,1.4,,,6618.0,,,135.6,144.7,,,,,,
20250612,2025-06-12,8Iron,16,shot,78.6,108.3,1.38,-3.2,1.2,,-3.2,,,5682.0,,,150.2,158.5,,,,,,
20250612,2025-06-12,8Iron,,average,78.6,104.4,1.33,-3.0,0.8,,-2.5,,,5587.0,,,135.3,148.6,,,,,,
20250612,2025-06-12,8Iron,,consistency,1.6,4.3,0.05,0.9,1.7,,1.9,,,935.0,,,28.8,15.5,,,,,,
20250724,2025-07-24,Driver,1,shot,,98.7,,,,,,,,2150.0,,,44.0,109.7,,,,,,
20250724,2025-07-24,Driver,2,shot,85.3,123.8,1.45,1.9,4.1,,-0.7,,,2610.0,,,193.0,222.8,,,,,,
20250724,2025-07-24,Driver,3,shot,83.9,125.0,1.49,0.9,0.9,,-1.5,,,2020.0,,,166.6,212.6,,,,,,
20250724,2025-07-24,Driver,4,shot,93.5,127.4,1.36,1.7,6.3,,-3.2,,,2680.0,,,197.9,229.4,,,,,,
20250724,2025-07-24,Driver,5,shot,95.3,128.8,1.35,1.1,5.9,,-9.1,,,2390.0,,,153.5,200.0,,,,,,
20250724,2025-07-24,Driver,6,shot,97.0,137.5,1.42,3.5,6.7,,-9.1,,,1960.0,,,155.0,201.9,,,,,,
20250724,2025-07-24,Driver,7,shot,92.9,134.0,1.44,1.1,8.5,,-1.3,,,3330.0,,,214.2,226.5,,,,,,
20250724,2025-07-24,Driver,8,shot,95.5,127.6,1.34,2.3,5.3,,-8.6,,,2300.0,,,166.8,212.4,,,,,,
20250724,2025-07-24,Driver,9,shot,95.0,136.7,1.44,4.7,8.7,,-5.5,,,2050.0,,,209.7,251.7,,,,,,
20250724,2025-07-24,Driver,,average,92.3,126.6,1.41,2.1,5.8,,-4.9,,,2388.0,,,166.7,207.4,,,,,,
20250724,2025-07-24,Driver,,consistency,4.6,10.9,0.05,1.2,2.3,,3.4,,,411.0,,,48.5,37.6,,,,,,
20250724,2025-07-24,5Iron,1,shot,66.2,93.8,1.42,-4.8,-7.0,,3.2,,,4378.0,,,118.8,154.1,,,,,,
20250724,2025-07-24,5Iron,2,shot,73.4,84.6,1.15,0.0,-6.2,,7.3,,,3671.0,,,108.7,133.9,,,,,,
20250724,2025-07-24,5Iron,3,shot,73.7,104.1,1.41,-2.2,-8.8,,9.0,,,5229.0,,,143.0,156.9,,,,,,
20250724,2025-07-24,5Iron,4,shot,81.5,117.6,1.44,-1.2,-8.6,,-1.1,,,4440.0,,,172.5,186.8,,,,,,
20250724,2025-07-24,5Iron,5,shot,81.3,105.7,1.3,-1.4,-2.6,,2.3,,,4108.0,,,149.4,170.9,,,,,,
20250724,2025-07-24,5Iron,6,shot,80.5,112.9,1.4,0.2,-4.2,,5.9,,,5210.0,,,160.1,167.9,,,,,,
20250724,2025-07-24,5Iron,7,shot,81.7,111.5,1.37,0.2,-4.6,,-1.2,,,4430.0,,,161.3,176.2,,,,,,
20250724,2025-07-24,5Iron,8,shot,81.2,105.6,1.3,0.0,-2.4,,0.1,,,4041.0,,,150.6,170.4,,,,,,
20250724,2025-07-24,5Iron,9,shot,81.8,113.8,1.39,-3.2,-4.2,,7.5,,,5828.0,,,158.4,166.5,,,,,,
20250724,2025-07-24,5Iron,10,shot,81.4,117.4,1.44,-1.0,-3.8,,-2.9,,,3581.0,,,176.0,196.4,,,,,,
20250724,2025-07-24,5Iron,11,shot,80.8,111.5,1.38,-0.6,-3.4,,2.7,,,4681.0,,,160.1,173.6,,,,,,
20250724,2025-07-24,5Iron,12,shot,82.0,115.2,1.41,-1.2,-6.8,,4.1,,,5350.0,,,163.8,171.0,,,,,,
20250724,2025-07-24,5Iron,,average,78.8,107.8,1.37,-1.3,-5.2,,3.1,,,4579.0,,,151.9,168.7,,,,,,
20250724,2025-07-24,5Iron,,consistency,4.8,9.5,0.08,1.4,2.1,,3.7,,,671.0,,,19.3,15.2,,,,,,
20250724,2025-07-24,8Iron,1,shot,64.5,90.1,1.4,-3.0,-3.8,,2.1,,,5114.0,,,117.9,134.6,,,,,,
20250724,2025-07-24,8Iron,2,shot,68.3,90.6,1.33,-3.2,-1.0,,0.9,,,5086.0,,,117.8,137.9,,,,,,
20250724,2025-07-24,8Iron,3,shot,68.4,96.5,1.41,-4.4,-3.6,,3.7,,,5412.0,,,128.7,144.6,,,,,,
20250724,2025-07-24,8Iron,4,shot,71.9,91.3,1.27,-5.4,-5.6,,5.4,,,6605.0,,,115.9,131.0,,,,,,
20250724,2025-07-24,8Iron,5,shot,72.5,91.8,1.27,-2.6,-3.4,,-4.7,,,5123.0,,,119.3,139.9,,,,,,
20250724,2025-07-24,8Iron,6,shot,73.0,92.2,1.26,-3.2,-4.2,,7.5,,,7400.0,,,117.1,124.7,,,,,,
20250724,2025-07-24,8Iron,7,shot,72.3,93.0,1.29,-3.0,-5.8,,7.2,,,6666.0,,,120.0,128.6,,,,,,
20250724,2025-07-24,8Iron,8,shot,71.2,95.8,1.34,-3.4,-7.0,,4.1,,,5955.0,,,126.6,138.8,,,,,,
20250724,2025-07-24,8Iron,9,shot,75.7,97.2,1.28,-3.2,-2.6,,0.0,,,6238.0,,,127.6,141.8,,,,,,
20250724,2025-07-24,8Iron,10,shot,76.1,98.6,1.3,0.0,-3.8,,-1.4,,,5615.0,,,133.3,143.3,,,,,,
20250724,2025-07-24,8Iron,11,shot,77.0,107.2,1.39,-2.4,-4.4,,1.7,,,5793.0,,,148.0,156.2,,,,,,
20250724,2025-07-24,8Iron,12,shot,76.2,92.3,1.21,-1.4,-0.6,,-0.7,,,5343.0,,,121.4,137.6,,,,,,
20250724,2025-07-24,8Iron,13,shot,77.4,99.4,1.28,-3.4,-2.8,,2.5,,,5050.0,,,134.0,153.7,,,,,,
20250724,2025-07-24,8Iron,14,shot,75.3,90.9,1.21,-4.3,-2.3,,6.4,,,8610.0,,,112.5,116.6,,,,,,
20250724,2025-07-24,8Iron,15,shot,74.2,101.4,1.37,-2.2,-3.6,,-3.6,,,5097.0,,,138.7,154.5,,,,,,
20250724,2025-07-24,8Iron,16,shot,75.4,98.9,1.31,-2.0,-1.6,,3.0,,,6370.0,,,131.3,138.2,,,,,,
20250724,2025-07-24,8Iron,17,shot,76.9,102.9,1.34,-1.2,-2.8,,-3.5,,,5200.0,,,142.3,153.9,,,,,,
20250724,2025-07-24,8Iron,18,shot,72.7,92.4,1.27,-0.6,-1.2,,2.8,,,5702.0,,,121.7,131.7,,,,,,
20250724,2025-07-24,8Iron,19,shot,74.7,104.6,1.4,-2.6,-3.8,,0.4,,,6250.0,,,141.6,147.4,,,,,,
20250724,2025-07-24,8Iron,,average,73.4,96.2,1.31,-2.7,-3.4,,1.8,,,5928.0,,,127.1,139.7,,,,,,
20250724,2025-07-24,8Iron,,consistency,3.3,5.1,0.06,1.3,1.6,,3.5,,,905.0,,,10.0,10.4,,,,,,
20250826,2025-08-26,Driver,1,shot,96.6,140.5,,3.4,,,,,,2040.0,,,205.4,,-8.7,,,,,
20250826,2025-08-26,Driver,2,shot,94.6,140.0,,2.6,,,,,,2150.0,,,220.4,,-11.4,,,,,
20250826,2025-08-26,Driver,,average,95.5,140.3,,3.0,,,,,,2095.0,,,212.9,,-10.1,,,,,
20250826,2025-08-26,Driver,,consistency,0.9,0.2,,0.4,,,,,,55.0,,,7.4,,1.3,,,,,
20250826,2025-08-26,8Iron,1,shot,78.7,98.4,,-1.0,,,,,,4828.0,,,135.6,,-9.4,,,,,
20250826,2025-08-26,8Iron,2,shot,79.2,110.7,,-3.6,,,,,,5465.0,,,155.5,,-4.6,,,,,
20250826,2025-08-26,8Iron,3,shot,78.5,109.6,,-2.6,,,,,,5638.0,,,152.7,,-8.1,,,,,
20250826,2025-08-26,8Iron,4,shot,77.0,99.8,,-4.6,,,,,,7321.0,,,129.5,,25.2,,,,,
20250826,2025-08-26,8Iron,5,shot,78.3,97.5,,-2.8,,,,,,7841.0,,,122.4,,24.6,,,,,
20250826,2025-08-26,8Iron,6,shot,79.4,107.1,,-4.0,,,,,,6373.0,,,144.9,,19.7,,,,,
20250826,2025-08-26,8Iron,7,shot,79.4,104.5,,-1.2,,,,,,6035.0,,,141.2,,15.6,,,,,
20250826,2025-08-26,8Iron,8,shot,78.7,109.2,,-5.4,,,,,,5886.0,,,150.8,,-2.8,,,,,
20250826,2025-08-26,8Iron,9,shot,79.2,101.3,,-3.4,,,,,,7182.0,,,132.0,,15.3,,,,,
20250826,2025-08-26,8Iron,,average,78.7,104.2,,-3.2,,,,,,6285.0,,,140.5,,8.4,,,,,
20250826,2025-08-26,8Iron,,consistency,0.7,4.9,,1.4,,,,,,928.0,,,10.8,,13.6,,,,,
20250826,2025-08-26,5Iron,1,shot,82.3,110.3,,-0.8,,,,,,4000.0,,,155.4,,-10.9,,,,,
20250826,2025-08-26,5Iron,2,shot,83.0,119.0,,-0.2,,,,,,4637.0,,,175.0,,20.9,,,,,
20250826,2025-08-26,5Iron,3,shot,83.4,98.6,,-5.2,,,,,,2969.0,,,128.9,,36.1,,,,,
20250826,2025-08-26,5Iron,4,shot,84.3,115.4,,0.4,,,,,,3132.0,,,163.9,,-32.3,,,,,
20250826,2025-08-26,5Iron,5,shot,83.0,119.7,,-3.2,,,,,,4491.0,,,176.4,,20.8,,,,,
20250826,2025-08-26,5Iron,6,shot,83.4,113.0,,-2.4,,,,,,4153.0,,,164.8,,2.1,,,,,
20250826,2025-08-26,5Iron,7,shot,84.3,108.9,,-2.2,,,,,,4228.0,,,155.3,,20.2,,,,,
20250826,2025-08-26,5Iron,8,shot,82.8,122.4,,-1.8,,,,,,3392.0,,,183.2,,-27.7,,,,,
20250826,2025-08-26,5Iron,9,shot,83.2,113.4,,-1.0,,,,,,3636.0,,,170.5,,12.2,,,,,
20250826,2025-08-26,5Iron,10,shot,83.2,108.3,,-0.2,,,,,,3920.0,,,149.9,,-18.7,,,,,
20250826,2025-08-26,5Iron,11,shot,85.2,124.1,,-0.2,,,,,,4160.0,,,179.4,,-35.5,,,,,
20250826,2025-08-26,5Iron,12,shot,83.9,119.0,,-1.2,,,,,,5020.0,,,172.7,,13.5,,,,,
20250826,2025-08-26,5Iron,13,shot,83.4,113.0,,-3.0,,,,,,5096.0,,,159.9,,8.5,,,,,
20250826,2025-08-26,5Iron,14,shot,82.3,112.5,,-1.2,,,,,,3569.0,,,165.0,,-8.1,,,,,
20250826,2025-08-26,5Iron,15,shot,83.9,107.6,,0.0,,,,,,2692.0,,,145.3,,-18.8,,,,,
20250826,2025-08-26,5Iron,16,shot,82.8,100.9,,1.4,,,,,,1855.0,,,109.8,,-11.0,,,,,
20250826,2025-08-26,5Iron,,average,83.4,113.0,,-1.3,,,,,,3809.0,,,159.7,,-1.9,,,,,
20250826,2025-08-26,5Iron,,consistency,0.7,6.9,,1.6,,,,,,838.0,,,18.7,,20.9,,,,,
20250826,2025-08-26,58Wedge,1,shot,58.4,58.6,,-4.4,,,,,,9121.0,,,59.5,,7.9,,,,,
20250826,2025-08-26,58Wedge,2,shot,64.0,54.6,,-0.2,,,,,,8034.0,,,53.3,,4.5,,,,,
20250826,2025-08-26,58Wedge,3,shot,60.6,62.2,,-2.6,,,,,,8917.0,,,65.3,,8.3,,,,,
20250826,2025-08-26,58Wedge,4,shot,54.4,64.0,,-5.8,,,,,,3771.0,,,45.9,,17.9,,,,,
20250826,2025-08-26,58Wedge,5,shot,61.1,53.0,,0.8,,,,,,6974.0,,,49.8,,6.8,,,,,
20250826,2025-08-26,58Wedge,,average,59.7,58.4,,-2.4,,,,,,7363.0,,,54.7,,9.1,,,,,
20250826,2025-08-26,58Wedge,,consistency,3.1,4.3,,2.5,,,,,,1950.0,,,6.9,,4.6,,,,,
20250826b,2025-08-26,Driver,1,shot,94.8,132.0,,5.5,,,,,,2030.0,,,133.6,,-7.2,,,,,
20250826b,2025-08-26,Driver,2,shot,94.8,141.2,,3.2,,,,,,2320.0,,,209.5,,-19.6,,,,,
20250826b,2025-08-26,Driver,3,shot,95.5,141.8,,2.4,,,,,,2079.0,,,201.7,,-17.6,,,,,
20250826b,2025-08-26,Driver,4,shot,94.2,138.7,,4.0,,,,,,1680.0,,,164.6,,-24.9,,,,,
20250826b,2025-08-26,Driver,5,shot,94.8,138.0,,2.2,,,,,,1850.0,,,201.4,,-11.3,,,,,
20250826b,2025-08-26,Driver,,average,94.8,138.5,,3.5,,,,,,1992.0,,,182.2,,-16.1,,,,,
20250826b,2025-08-26,Driver,,consistency,0.4,3.6,,1.2,,,,,,216.0,,,28.9,,6.2,,,,,
20250826b,2025-08-26,8Iron,1,shot,74.3,95.5,,-2.5,,,,,,5083.0,,,117.5,,17.0,,,,,
20250826b,2025-08-26,8Iron,2,shot,74.5,96.4,,-4.8,,,,,,6070.0,,,127.2,,9.7,,,,,
20250826b,2025-08-26,8Iron,3,shot,77.2,107.8,,-2.8,,,,,,5417.0,,,150.6,,-6.7,,,,,
20250826b,2025-08-26,8Iron,4,shot,76.7,103.8,,-0.6,,,,,,5302.0,,,143.0,,11.9,,,,,
20250826b,2025-08-26,8Iron,5,shot,74.9,96.4,,-2.6,,,,,,6446.0,,,126.3,,11.4,,,,,
20250826b,2025-08-26,8Iron,6,shot,74.3,101.1,,-3.4,,,,,,5483.0,,,138.3,,7.3,,,,,
20250826b,2025-08-26,8Iron,7,shot,75.4,100.0,,-3.4,,,,,,5233.0,,,135.1,,-11.2,,,,,
20250826b,2025-08-26,8Iron,8,shot,75.8,100.4,,-0.6,,,,,,4594.0,,,140.0,,-6.3,,,,,
20250826b,2025-08-26,8Iron,9,shot,74.9,100.0,,-1.4,,,,,,4572.0,,,139.5,,-6.9,,,,,
20250826b,2025-08-26,8Iron,10,shot,74.5,95.3,,-2.6,,,,,,4910.0,,,127.5,,-3.2,,,,,
20250826b,2025-08-26,8Iron,11,shot,77.6,108.0,,-1.0,,,,,,4381.0,,,148.0,,-43.1,,,,,
20250826b,2025-08-26,8Iron,12,shot,75.2,100.2,,-3.6,,,,,,6056.0,,,134.3,,11.8,,,,,
20250826b,2025-08-26,8Iron,13,shot,73.1,97.1,,-5.2,,,,,,6638.0,,,126.9,,22.0,,,,,
20250826b,2025-08-26,8Iron,14,shot,75.4,108.3,,-2.4,,,,,,4602.0,,,152.0,,-22.4,,,,,
20250826b,2025-08-26,8Iron,15,shot,77.2,99.8,,-0.6,,,,,,4542.0,,,138.9,,-8.3,,,,,
20250826b,2025-08-26,8Iron,16,shot,73.6,91.3,,-2.7,,,,,,4098.0,,,122.6,,-7.0,,,,,
20250826b,2025-08-26,8Iron,17,shot,75.4,95.5,,-0.8,,,,,,3798.0,,,128.2,,-15.3,,,,,
20250826b,2025-08-26,8Iron,18,shot,75.4,108.0,,-3.4,,,,,,4882.0,,,152.4,,-18.6,,,,,
20250826b,2025-08-26,8Iron,19,shot,76.5,108.7,,-3.0,,,,,,4785.0,,,154.4,,-29.9,,,,,
20250826b,2025-08-26,8Iron,20,shot,74.9,100.0,,-0.8,,,,,,5131.0,,,137.7,,3.4,,,,,
20250826b,2025-08-26,8Iron,21,shot,76.1,108.5,,-2.0,,,,,,4668.0,,,154.9,,-9.1,,,,,
20250826b,2025-08-26,8Iron,22,shot,72.7,95.5,,-4.0,,,,,,6187.0,,,125.7,,8.6,,,,,
20250826b,2025-08-26,8Iron,23,shot,74.0,99.3,,-4.4,,,,,,5705.0,,,133.4,,-2.3,,,,,
20250826b,2025-08-26,8Iron,24,shot,74.3,95.5,,-3.4,,,,,,6631.0,,,124.1,,24.6,,,,,
20250826b,2025-08-26,8Iron,25,shot,72.9,95.7,,-1.2,,,,,,4859.0,,,130.6,,4.3,,,,,
20250826b,2025-08-26,8Iron,26,shot,75.2,105.8,,-4.0,,,,,,5724.0,,,145.7,,-5.8,,,,,
20250826b,2025-08-26,8Iron,27,shot,75.2,96.9,,-2.0,,,,,,4993.0,,,129.7,,-14.3,,,,,
20250826b,2025-08-26,8Iron,28,shot,73.4,95.1,,-4.8,,,,,,7368.0,,,121.6,,24.8,,,,,
20250826b,2025-08-26,8Iron,29,shot,74.7,102.5,,-3.6,,,,,,5549.0,,,140.2,,8.3,,,,,
20250826b,2025-08-26,8Iron,30,shot,74.7,101.6,,-3.6,,,,,,4723.0,,,138.6,,-26.6,,,,,
20250826b,2025-08-26,8Iron,31,shot,75.6,100.4,,0.4,,,,,,5210.0,,,136.0,,-25.5,,,,,
20250826b,2025-08-26,8Iron,32,shot,75.4,103.1,,-3.4,,,,,,5671.0,,,141.3,,8.1,,,,,
20250826b,2025-08-26,8Iron,33,shot,74.0,97.1,,-4.0,,,,,,6159.0,,,128.7,,17.1,,,,,
20250826b,2025-08-26,8Iron,34,shot,76.7,104.2,,-0.2,,,,,,5091.0,,,145.5,,-1.1,,,,,
20250826b,2025-08-26,8Iron,35,shot,75.8,104.9,,-2.4,,,,,,5168.0,,,146.5,,4.6,,,,,
20250826b,2025-08-26,8Iron,36,shot,71.8,87.9,,-1.2,,,,,,5311.0,,,113.8,,14.4,,,,,
20250826b,2025-08-26,8Iron,37,shot,74.0,104.5,,-3.6,,,,,,5231.0,,,145.1,,-6.0,,,,,
20250826b,2025-08-26,8Iron,,average,74.9,100.4,,-2.6,,,,,,5305.0,,,136.3,,-1.6,,,,,
20250826b,2025-08-26,8Iron,,consistency,1.3,5.1,,1.4,,,,,,750.0,,,10.5,,15.7,,,,,
20250826b,2025-08-26,5Iron,1,shot,79.6,110.3,,-2.8,,,,,,4289.0,,,158.9,,8.5,,,,,
20250826b,2025-08-26,5Iron,2,shot,83.2,115.9,,-0.2,,,,,,3307.0,,,144.1,,-44.5,,,,,
20250826b,2025-08-26,5Iron,3,shot,79.0,111.6,,0.0,,,,,,3649.0,,,165.9,,14.2,,,,,
20250826b,2025-08-26,5Iron,4,shot,81.2,119.7,,0.4,,,,,,3271.0,,,183.0,,-8.6,,,,,
20250826b,2025-08-26,5Iron,5,shot,81.2,120.1,,-0.6,,,,,,3271.0,,,167.9,,-35.1,,,,,
20250826b,2025-08-26,5Iron,6,shot,79.4,113.9,,-1.0,,,,,,3940.0,,,164.8,,-14.9,,,,,
20250826b,2025-08-26,5Iron,7,shot,81.0,112.1,,-1.0,,,,,,4563.0,,,162.7,,25.8,,,,,
20250826b,2025-08-26,5Iron,8,shot,83.2,116.5,,0.0,,,,,,3462.0,,,177.4,,-2.1,,,,,
20250826b,2025-08-26,5Iron,9,shot,83.7,120.8,,1.6,,,,,,4089.0,,,182.0,,17.2,,,,,
20250826b,2025-08-26,5Iron,10,shot,79.4,112.1,,0.6,,,,,,3902.0,,,166.4,,16.6,,,,,
20250826b,2025-08-26,5Iron,11,shot,77.0,110.1,,0.2,,,,,,3036.0,,,164.6,,6.3,,,,,
20250826b,2025-08-26,5Iron,12,shot,81.2,115.0,,0.0,,,,,,4569.0,,,167.9,,21.3,,,,,
20250826b,2025-08-26,5Iron,13,shot,81.6,118.8,,-0.6,,,,,,3888.0,,,179.5,,11.2,,,,,
20250826b,2025-08-26,5Iron,14,shot,81.4,119.0,,-0.8,,,,,,3821.0,,,177.7,,-16.6,,,,,
20250826b,2025-08-26,5Iron,15,shot,82.1,117.4,,-0.4,,,,,,3364.0,,,166.8,,-36.2,,,,,
20250826b,2025-08-26,5Iron,16,shot,82.1,113.9,,-0.4,,,,,,3127.0,,,170.1,,-3.9,,,,,
20250826b,2025-08-26,5Iron,17,shot,82.8,113.4,,-0.2,,,,,,4731.0,,,163.7,,15.0,,,,,
20250826b,2025-08-26,5Iron,18,shot,80.8,116.1,,-0.8,,,,,,4139.0,,,172.8,,13.2,,,,,
20250826b,2025-08-26,5Iron,19,shot,84.1,123.7,,-1.0,,,,,,3496.0,,,185.4,,-28.1,,,,,
20250826b,2025-08-26,5Iron,20,shot,82.3,99.1,,0.6,,,,,,2147.0,,,99.7,,-13.6,,,,,
20250826b,2025-08-26,5Iron,21,shot,84.3,116.3,,0.4,,,,,,3876.0,,,175.2,,18.5,,,,,
20250826b,2025-08-26,5Iron,22,shot,75.4,86.6,,-0.8,,,,,,6228.0,,,106.7,,46.6,,,,,
20250826b,2025-08-26,5Iron,23,shot,80.8,112.7,,0.4,,,,,,3630.0,,,154.6,,-28.0,,,,,
20250826b,2025-08-26,5Iron,24,shot,83.2,117.0,,0.2,,,,,,4915.0,,,169.5,,21.4,,,,,
20250826b,2025-08-26,5Iron,25,shot,,76.3,,,,,,,,2860.0,,,55.6,,9.5,,,,,
20250826b,2025-08-26,5Iron,26,shot,84.8,117.7,,-0.8,,,,,,3306.0,,,175.5,,-9.1,,,,,
20250826b,2025-08-26,5Iron,27,shot,82.5,111.0,,2.0,,,,,,3337.0,,,166.8,,8.7,,,,,
20250826b,2025-08-26,5Iron,28,shot,83.2,118.6,,0.4,,,,,,3820.0,,,167.3,,-35.1,,,,,
20250826b,2025-08-26,5Iron,29,shot,81.4,111.6,,1.0,,,,,,2852.0,,,143.8,,-37.1,,,,,
20250826b,2025-08-26,5Iron,30,shot,81.9,115.9,,0.0,,,,,,3810.0,,,160.5,,-42.0,,,,,
20250826b,2025-08-26,5Iron,31,shot,82.1,110.5,,-1.8,,,,,,3119.0,,,149.4,,-21.1,,,,,
20250826b,2025-08-26,5Iron,32,shot,76.3,104.0,,0.0,,,,,,4705.0,,,146.3,,49.3,,,,,
20250826b,2025-08-26,5Iron,33,shot,80.3,114.1,,-0.4,,,,,,3285.0,,,171.7,,6.0,,,,,
20250826b,2025-08-26,5Iron,34,shot,79.9,117.7,,0.6,,,,,,3439.0,,,172.6,,-19.6,,,,,
20250826b,2025-08-26,5Iron,35,shot,81.4,117.7,,-0.2,,,,,,3976.0,,,177.2,,21.0,,,,,
20250826b,2025-08-26,5Iron,36,shot,82.3,119.2,,0.4,,,,,,3534.0,,,178.0,,-23.7,,,,,
20250826b,2025-08-26,5Iron,37,shot,83.2,106.9,,-0.6,,,,,,6404.0,,,142.2,,49.9,,,,,
20250826b,2025-08-26,5Iron,38,shot,80.5,116.8,,0.6,,,,,,3301.0,,,167.7,,-22.7,,,,,
20250826b,2025-08-26,5Iron,39,shot,83.0,117.2,,-0.6,,,,,,4609.0,,,171.7,,17.5,,,,,
20250826b,2025-08-26,5Iron,40,shot,82.5,116.1,,1.2,,,,,,3073.0,,,174.8,,-6.1,,,,,
20250826b,2025-08-26,5Iron,41,shot,81.0,103.8,,0.2,,,,,,2749.0,,,139.7,,-11.3,,,,,
20250826b,2025-08-26,5Iron,42,shot,79.9,112.7,,0.2,,,,,,3588.0,,,168.2,,16.7,,,,,
20250826b,2025-08-26,5Iron,43,shot,77.6,107.1,,-2.0,,,,,,4922.0,,,150.6,,18.3,,,,,
20250826b,2025-08-26,5Iron,44,shot,82.8,121.7,,-0.8,,,,,,4036.0,,,183.6,,5.7,,,,,
20250826b,2025-08-26,5Iron,45,shot,83.9,119.2,,-0.4,,,,,,3834.0,,,179.8,,-1.1,,,,,
20250826b,2025-08-26,5Iron,46,shot,81.0,108.9,,1.4,,,,,,3477.0,,,161.5,,11.6,,,,,
20250826b,2025-08-26,5Iron,47,shot,80.5,106.7,,-0.6,,,,,,4402.0,,,151.8,,23.1,,,,,
20250826b,2025-08-26,5Iron,48,shot,81.0,115.4,,0.6,,,,,,3940.0,,,165.0,,-30.0,,,,,
20250826b,2025-08-26,5Iron,,average,81.4,113.0,,-0.1,,,,,,3814.0,,,161.4,,-0.3,,,,,
20250826b,2025-08-26,5Iron,,consistency,2.0,8.3,,0.9,,,,,,789.0,,,23.0,,23.7,,,,,
20250826b,2025-08-26,58Wedge,1,shot,57.9,55.5,,0.2,,,,,,5856.0,,,55.4,,-1.4,,,,,
20250826b,2025-08-26,58Wedge,2,shot,61.1,53.0,,-0.8,,,,,,8430.0,,,51.0,,3.5,,,,,
20250826b,2025-08-26,58Wedge,,average,59.5,54.4,,-0.3,,,,,,7143.0,,,53.1,,1.0,,,,,
20250826b,2025-08-26,58Wedge,,consistency,1.6,1.1,,0.5,,,,,,1287.0,,,2.2,,2.5,,,,,
20250915,2025-09-15,8Iron,1,shot,71.1,96.6,,-3.0,,,,,,5728.0,,,129.2,,-12.6,,,,,
20250915,2025-09-15,8Iron,2,shot,69.3,93.1,,-3.4,,,,,,5683.0,,,122.8,,1.9,,,,,
20250915,2025-09-15,8Iron,3,shot,68.0,89.5,,-4.2,,,,,,6091.0,,,114.7,,-4.3,,,,,
20250915,2025-09-15,8Iron,4,shot,70.2,96.9,,-2.8,,,,,,5857.0,,,129.3,,-1.7,,,,,
20250915,2025-09-15,8Iron,5,shot,69.3,76.1,,-2.9,,,,,,3846.0,,,92.6,,-1.3,,,,,
20250915,2025-09-15,8Iron,6,shot,68.7,92.8,,-3.4,,,,,,5771.0,,,121.7,,-5.0,,,,,
20250915,2025-09-15,8Iron,,average,69.3,90.8,,-3.3,,,,,,5496.0,,,118.4,,-3.8,,,,,
20250915,2025-09-15,8Iron,,consistency,1.1,6.9,,0.5,,,,,,750.0,,,12.5,,4.5,,,,,
20250915,2025-09-15,5Iron,1,shot,76.5,106.9,,-2.4,,,,,,3893.0,,,150.8,,-14.8,,,,,
20250915,2025-09-15,5Iron,2,shot,73.8,101.3,,-1.8,,,,,,4162.0,,,141.3,,7.8,,,,,
20250915,2025-09-15,5Iron,3,shot,74.0,102.0,,-2.4,,,,,,3976.0,,,142.6,,-4.3,,,,,
20250915,2025-09-15,5Iron,4,shot,78.1,102.7,,-1.8,,,,,,5807.0,,,140.0,,-7.9,,,,,
20250915,2025-09-15,5Iron,5,shot,85.5,114.1,,-2.4,,,,,,5791.0,,,159.2,,-11.7,,,,,
20250915,2025-09-15,5Iron,6,shot,85.5,97.1,,-3.6,,,,,,6733.0,,,121.2,,39.0,,,,,
20250915,2025-09-15,5Iron,7,shot,82.5,111.2,,-3.4,,,,,,5937.0,,,154.3,,-3.2,,,,,
20250915,2025-09-15,5Iron,8,shot,75.8,98.4,,-1.0,,,,,,3931.0,,,137.4,,8.2,,,,,
20250915,2025-09-15,5Iron,9,shot,73.4,104.2,,-1.4,,,,,,3292.0,,,148.5,,-13.6,,,,,
20250915,2025-09-15,5Iron,10,shot,81.2,85.5,,-2.8,,,,,,10653.0,,,87.1,,48.2,,,,,
20250915,2025-09-15,5Iron,11,shot,75.8,105.8,,-1.4,,,,,,3522.0,,,152.7,,-9.0,,,,,
20250915,2025-09-15,5Iron,12,shot,86.3,116.3,,-2.4,,,,,,6368.0,,,159.1,,-0.3,,,,,
20250915,2025-09-15,5Iron,13,shot,85.2,115.0,,-2.6,,,,,,5789.0,,,160.5,,-4.6,,,,,
20250915,2025-09-15,5Iron,14,shot,75.4,103.3,,-1.8,,,,,,3942.0,,,144.8,,-3.6,,,,,
20250915,2025-09-15,5Iron,15,shot,81.0,115.4,,-0.8,,,,,,2476.0,,,173.0,,-8.2,,,,,
20250915,2025-09-15,5Iron,16,shot,83.2,115.6,,-3.1,,,,,,4627.0,,,168.1,,-3.5,,,,,
20250915,2025-09-15,5Iron,,average,79.6,106.0,,-2.2,,,,,,5056.0,,,146.3,,1.2,,,,,
20250915,2025-09-15,5Iron,,consistency,4.7,8.3,,0.8,,,,,,1878.0,,,19.6,,17.3,,,,,
20250921,2025-09-21,LobWedge,1,shot,64.0,66.9,,1.8,,,,,,5427.0,,,75.3,,-6.9,,,,,
20250921,2025-09-21,LobWedge,2,shot,66.7,69.6,,0.0,,,,,,8123.0,,,77.8,,-0.9,,,,,
20250921,2025-09-21,LobWedge,3,shot,65.8,68.5,,-2.2,,,,,,8776.0,,,76.0,,-4.9,,,,,
20250921,2025-09-21,LobWedge,4,shot,67.8,71.8,,-1.4,,,,,,9228.0,,,81.1,,-6.6,,,,,
20250921,2025-09-21,LobWedge,5,shot,65.8,67.1,,0.2,,,,,,9162.0,,,72.4,,4.0,,,,,
20250921,2025-09-21,LobWedge,6,shot,68.2,78.7,,-2.0,,,,,,7956.0,,,93.8,,1.3,,,,,
20250921,2025-09-21,LobWedge,,average,66.4,70.5,,-0.6,,,,,,8112.0,,,79.4,,-2.3,,,,,
20250921,2025-09-21,LobWedge,,consistency,1.3,4.0,,1.4,,,,,,1293.0,,,6.9,,4.0,,,,,
20250921,2025-09-21,8Iron,1,shot,77.8,106.9,,-2.6,,,,,,6386.0,,,144.1,,-21.2,,,,,
20250921,2025-09-21,8Iron,2,shot,69.3,90.1,,-1.4,,,,,,6416.0,,,115.5,,3.3,,,,,
20250921,2025-09-21,8Iron,3,shot,72.0,98.6,,-3.2,,,,,,6855.0,,,129.4,,16.3,,,,,
20250921,2025-09-21,8Iron,4,shot,73.8,96.6,,-1.8,,,,,,6752.0,,,126.3,,7.2,,,,,
20250921,2025-09-21,8Iron,5,shot,72.0,97.3,,-3.0,,,,,,6223.0,,,129.0,,3.2,,,,,
20250921,2025-09-21,8Iron,6,shot,74.7,94.4,,-1.0,,,,,,6236.0,,,123.7,,4.0,,,,,
20250921,2025-09-21,8Iron,7,shot,72.0,100.7,,-0.8,,,,,,5893.0,,,136.2,,-1.2,,,,,
20250921,2025-09-21,8Iron,8,shot,74.7,89.0,,-3.0,,,,,,5505.0,,,103.5,,13.3,,,,,
20250921,2025-09-21,8Iron,9,shot,74.0,103.8,,-0.8,,,,,,6048.0,,,140.9,,3.0,,,,,
20250921,2025-09-21,8Iron,10,shot,75.2,95.1,,3.6,,,,,,3162.0,,,91.6,,-17.7,,,,,
20250921,2025-09-21,8Iron,11,shot,71.1,81.4,,0.8,,,,,,3634.0,,,96.2,,-24.6,,,,,
20250921,2025-09-21,8Iron,12,shot,71.8,100.0,,-3.4,,,,,,5674.0,,,134.1,,-10.0,,,,,
20250921,2025-09-21,8Iron,13,shot,75.8,106.3,,-1.6,,,,,,5692.0,,,146.4,,-20.5,,,,,
20250921,2025-09-21,8Iron,14,shot,76.3,103.8,,-0.4,,,,,,5101.0,,,138.9,,-36.3,,,,,
20250921,2025-09-21,8Iron,15,shot,77.8,104.9,,-1.4,,,,,,5941.0,,,143.3,,-16.7,,,,,
20250921,2025-09-21,8Iron,16,shot,73.1,101.6,,-2.0,,,,,,5957.0,,,137.1,,-2.6,,,,,
20250921,2025-09-21,8Iron,,average,73.8,98.2,,-1.4,,,,,,5717.0,,,127.3,,-6.2,,,,,
20250921,2025-09-21,8Iron,,consistency,2.2,6.7,,1.7,,,,,,980.0,,,16.6,,14.5,,,,,
20250921,2025-09-21,3Wood,1,shot,90.1,126.6,,-0.6,,,,,,3115.0,,,144.8,,-0.5,,,,,
20250921,2025-09-21,3Wood,2,shot,89.5,132.9,,-0.8,,,,,,3578.0,,,200.0,,-26.5,,,,,
20250921,2025-09-21,3Wood,3,shot,89.5,113.4,,-1.8,,,,,,5692.0,,,156.4,,23.6,,,,,
20250921,2025-09-21,3Wood,4,shot,89.0,125.0,,1.4,,,,,,1671.0,,,15.1,,-0.7,,,,,
20250921,2025-09-21,3Wood,5,shot,88.1,127.5,,-2.0,,,,,,3842.0,,,191.6,,-4.8,,,,,
20250921,2025-09-21,3Wood,6,shot,88.1,125.5,,0.6,,,,,,3763.0,,,178.5,,-22.3,,,,,
20250921,2025-09-21,3Wood,7,shot,91.3,129.1,,0.2,,,,,,2954.0,,,203.6,,40.0,,,,,
20250921,2025-09-21,3Wood,8,shot,88.6,79.9,,3.6,,,,,,4806.0,,,78.1,,-19.9,,,,,
20250921,2025-09-21,3Wood,9,shot,90.4,97.1,,1.8,,,,,,5575.0,,,128.7,,-35.8,,,,,
20250921,2025-09-21,3Wood,10,shot,91.3,124.1,,-1.0,,,,,,4802.0,,,183.0,,10.3,,,,,
20250921,2025-09-21,3Wood,11,shot,90.1,131.8,,0.2,,,,,,4005.0,,,196.0,,-5.5,,,,,
20250921,2025-09-21,3Wood,,average,89.7,119.5,,0.1,,,,,,3982.0,,,152.3,,-3.8,,,,,
20250921,2025-09-21,3Wood,,consistency,1.1,15.7,,1.6,,,,,,1136.0,,,56.3,,21.4,,,,,
20250921,2025-09-21,5Iron,1,shot,76.5,112.1,,-1.6,,,,,,4232.0,,,163.1,,7.2,,,,,
20250921,2025-09-21,5Iron,2,shot,77.8,111.6,,-1.2,,,,,,4557.0,,,160.7,,8.4,,,,,
20250921,2025-09-21,5Iron,3,shot,76.7,110.3,,-2.4,,,,,,4061.0,,,153.0,,-16.3,,,,,
20250921,2025-09-21,5Iron,,average,77.2,111.4,,-1.7,,,,,,4283.0,,,158.9,,-0.2,,,,,
20250921,2025-09-21,5Iron,,consistency,0.7,0.7,,0.5,,,,,,206.0,,,4.3,,11.4,,,,,
20250922,2025-09-22,8Iron,1,shot,74.5,102.7,,-2.6,,,,,,6456.0,,,137.4,,-4.4,,,,,
20250922,2025-09-22,8Iron,2,shot,68.7,85.9,,-3.0,,,,,,8042.0,,,105.2,,21.0,,,,,
20250922,2025-09-22,8Iron,3,shot,73.4,82.3,,-0.2,,,,,,6932.0,,,100.7,,10.4,,,,,
20250922,2025-09-22,8Iron,4,shot,74.3,93.5,,-1.0,,,,,,6509.0,,,121.7,,3.2,,,,,
20250922,2025-09-22,8Iron,5,shot,72.5,96.2,,-0.4,,,,,,5710.0,,,128.6,,-2.7,,,,,
20250922,2025-09-22,8Iron,6,shot,65.5,83.4,,-4.6,,,,,,7724.0,,,101.6,,15.2,,,,,
20250922,2025-09-22,8Iron,7,shot,73.8,89.0,,2.6,,,,,,2751.0,,,120.5,,-12.4,,,,,
20250922,2025-09-22,8Iron,8,shot,75.4,103.1,,-1.4,,,,,,5693.0,,,140.1,,-21.8,,,,,
20250922,2025-09-22,8Iron,9,shot,69.6,91.0,,-1.8,,,,,,6104.0,,,117.6,,-5.9,,,,,
20250922,2025-09-22,8Iron,10,shot,76.7,104.7,,-2.0,,,,,,6688.0,,,139.8,,0.2,,,,,
20250922,2025-09-22,8Iron,11,shot,77.4,101.3,,-1.2,,,,,,7077.0,,,133.1,,7.4,,,,,
20250922,2025-09-22,8Iron,12,shot,75.4,97.1,,-2.4,,,,,,6443.0,,,126.5,,10.0,,,,,
20250922,2025-09-22,8Iron,13,shot,76.3,99.5,,-3.0,,,,,,7535.0,,,128.8,,16.3,,,,,
20250922,2025-09-22,8Iron,14,shot,73.6,90.1,,-2.4,,,,,,8583.0,,,110.8,,26.0,,,,,
20250922,2025-09-22,8Iron,,average,73.4,94.4,,-1.7,,,,,,6589.0,,,122.3,,4.5,,,,,
20250922,2025-09-22,8Iron,,consistency,3.1,7.2,,1.6,,,,,,1342.0,,,13.1,,12.8,,,,,
20250922,2025-09-22,5Iron,1,shot,83.0,101.8,,1.0,,,,,,3644.0,,,140.4,,-12.1,,,,,
20250922,2025-09-22,5Iron,2,shot,80.8,105.6,,-1.8,,,,,,6825.0,,,140.3,,30.1,,,,,
20250922,2025-09-22,5Iron,3,shot,84.8,125.0,,-1.2,,,,,,4387.0,,,186.6,,-30.6,,,,,
20250922,2025-09-22,5Iron,4,shot,82.1,110.5,,-1.8,,,,,,6249.0,,,151.0,,22.9,,,,,
20250922,2025-09-22,5Iron,5,shot,85.7,119.9,,-1.2,,,,,,5297.0,,,172.1,,12.8,,,,,
20250922,2025-09-22,5Iron,6,shot,82.1,113.0,,-1.8,,,,,,5743.0,,,157.9,,11.4,,,,,
20250922,2025-09-22,5Iron,7,shot,82.1,114.3,,-0.4,,,,,,5239.0,,,162.9,,15.9,,,,,
20250922,2025-09-22,5Iron,,average,83.0,112.7,,-1.0,,,,,,5341.0,,,158.8,,7.2,,,,,
20250922,2025-09-22,5Iron,,consistency,1.6,7.4,,1.0,,,,,,999.0,,,15.6,,19.6,,,,,
20251018,2025-10-18,8Iron,1,shot,82.5,120.1,,0.4,,,,,,3743.0,,,182.6,,7.1,,,,,
20251018,2025-10-18,8Iron,2,shot,77.6,99.5,,-2.0,,,,,,7445.0,,,128.1,,22.0,,,,,
20251018,2025-10-18,8Iron,3,shot,74.3,86.6,,1.8,,,,,,4245.0,,,112.9,,-15.5,,,,,
20251018,2025-10-18,8Iron,4,shot,,73.8,,,,,,,,1660.0,,,3.2,,-1.4,,,,,
20251018,2025-10-18,8Iron,5,shot,,75.8,,,,,,,,2870.0,,,55.2,,-4.8,,,,,
20251018,2025-10-18,8Iron,6,shot,76.1,96.0,,0.2,,,,,,4378.0,,,131.6,,-14.2,,,,,
20251018,2025-10-18,8Iron,7,shot,71.8,80.1,,-10.0,,,,,,4470.0,,,21.7,,3.0,,,,,
20251018,2025-10-18,8Iron,8,shot,72.5,97.8,,-9.2,,,,,,6499.0,,,123.9,,19.6,,,,,
20251018,2025-10-18,8Iron,9,shot,67.3,82.8,,-7.6,,,,,,7234.0,,,82.7,,6.5,,,,,
20251018,2025-10-18,8Iron,10,shot,74.0,92.4,,-8.2,,,,,,7031.0,,,113.0,,23.3,,,,,
20251018,2025-10-18,8Iron,11,shot,68.0,79.9,,2.6,,,,,,5743.0,,,97.9,,9.6,,,,,
20251018,2025-10-18,8Iron,12,shot,59.7,73.8,,-7.8,,,,,,6546.0,,,74.1,,9.3,,,,,
20251018,2025-10-18,8Iron,13,shot,80.3,113.9,,-3.8,,,,,,3814.0,,,156.7,,12.2,,,,,
20251018,2025-10-18,8Iron,14,shot,69.8,90.4,,-10.2,,,,,,6214.0,,,109.1,,7.1,,,,,
20251018,2025-10-18,8Iron,15,shot,82.8,122.6,,1.2,,,,,,2777.0,,,185.7,,-27.7,,,,,
20251018,2025-10-18,8Iron,16,shot,73.8,74.3,,-4.4,,,,,,8745.0,,,72.2,,23.3,,,,,
20251018,2025-10-18,8Iron,17,shot,75.6,93.1,,-1.0,,,,,,8820.0,,,113.5,,24.2,,,,,
20251018,2025-10-18,8Iron,18,shot,72.5,88.4,,-8.2,,,,,,5710.0,,,104.8,,26.4,,,,,
20251018,2025-10-18,8Iron,19,shot,68.2,87.0,,-5.8,,,,,,5280.0,,,104.2,,16.7,,,,,
20251018,2025-10-18,8Iron,20,shot,72.3,78.1,,-5.2,,,,,,4030.0,,,71.4,,-24.8,,,,,
20251018,2025-10-18,8Iron,21,shot,70.9,98.4,,-8.0,,,,,,5270.0,,,126.4,,9.0,,,,,
20251018,2025-10-18,8Iron,22,shot,54.8,61.1,,-6.6,,,,,,6254.0,,,31.5,,6.7,,,,,
20251018,2025-10-18,8Iron,23,shot,68.0,89.5,,-5.8,,,,,,4870.0,,,108.8,,10.4,,,,,
20251018,2025-10-18,8Iron,24,shot,70.5,92.8,,-6.2,,,,,,6103.0,,,115.3,,10.3,,,,,
20251018,2025-10-18,8Iron,25,shot,73.8,84.8,,3.2,,,,,,2261.0,,,106.7,,-14.7,,,,,
20251018,2025-10-18,8Iron,26,shot,,82.8,,,,,,,,4151.0,,,16.7,,-0.2,,,,,
20251018,2025-10-18,8Iron,27,shot,74.5,100.4,,0.4,,,,,,6042.0,,,134.0,,4.2,,,,,
20251018,2025-10-18,8Iron,,average,72.0,89.5,,-4.2,,,,,,5267.0,,,99.4,,5.5,,,,,
20251018,2025-10-18,8Iron,,consistency,6.0,13.9,,4.2,,,,,,1795.0,,,44.8,,14.4,,,,,
20251031,2025-10-31,8Iron,1,shot,70.7,82.5,,-1.2,,,,,,4249.0,,,106.4,,3.9,,,,,
20251031,2025-10-31,8Iron,2,shot,74.7,97.1,,-3.6,,,,,,5746.0,,,126.4,,8.6,,,,,
20251031,2025-10-31,8Iron,3,shot,73.8,72.0,,0.8,,,,,,4457.0,,,78.4,,28.2,,,,,
20251031,2025-10-31,8Iron,4,shot,74.7,92.4,,-2.6,,,,,,7974.0,,,114.4,,30.6,,,,,
20251031,2025-10-31,8Iron,5,shot,73.1,93.3,,-3.6,,,,,,6190.0,,,121.8,,-0.4,,,,,
20251031,2025-10-31,8Iron,6,shot,73.4,86.6,,-1.8,,,,,,6360.0,,,107.9,,32.9,,,,,
20251031,2025-10-31,8Iron,7,shot,72.0,98.6,,-3.6,,,,,,5794.0,,,132.7,,-2.4,,,,,
20251031,2025-10-31,8Iron,8,shot,72.3,94.8,,-1.6,,,,,,6401.0,,,124.2,,4.0,,,,,
20251031,2025-10-31,8Iron,9,shot,74.3,96.6,,-3.0,,,,,,6658.0,,,126.2,,6.3,,,,,
20251031,2025-10-31,8Iron,10,shot,74.3,94.6,,-1.8,,,,,,4740.0,,,124.9,,-22.5,,,,,
20251031,2025-10-31,8Iron,11,shot,72.3,86.3,,-4.2,,,,,,8067.0,,,106.0,,23.8,,,,,
20251031,2025-10-31,8Iron,,average,73.4,90.4,,-2.4,,,,,,6058.0,,,115.4,,10.3,,,,,
20251031,2025-10-31,8Iron,,consistency,1.3,7.6,,1.4,,,,,,1207.0,,,14.5,,16.2,,,,,
20251031,2025-10-31,3Wood,1,shot,86.1,121.7,,-2.2,,,,,,2470.0,,,147.5,,-5.5,,,,,
20251031,2025-10-31,3Wood,2,shot,85.7,120.8,,-1.6,,,,,,3762.0,,,182.4,,27.7,,,,,
20251031,2025-10-31,3Wood,,average,85.9,121.2,,-1.9,,,,,,3116.0,,,165.0,,11.0,,,,,
20251031,2025-10-31,3Wood,,consistency,0.2,0.4,,0.3,,,,,,646.0,,,17.5,,16.6,,,,,
20251031,2025-10-31,5Iron,1,shot,77.4,102.0,,-2.6,,,,,,5476.0,,,139.1,,22.5,,,,,
20251031,2025-10-31,5Iron,2,shot,78.3,109.2,,-1.8,,,,,,4241.0,,,158.0,,-0.9,,,,,
20251031,2025-10-31,5Iron,3,shot,78.3,104.0,,-3.4,,,,,,5340.0,,,142.5,,13.6,,,,,
20251031,2025-10-31,5Iron,4,shot,79.6,111.4,,-1.8,,,,,,4453.0,,,161.6,,20.8,,,,,
20251031,2025-10-31,5Iron,,average,78.3,106.7,,-2.4,,,,,,4878.0,,,150.4,,14.0,,,,,
20251031,2025-10-31,5Iron,,consistency,0.9,3.8,,0.7,,,,,,538.0,,,9.6,,9.2,,,,,
20251110,2025-11-10,8Iron,1,shot,69.6,85.7,,-3.8,,,,,,7286.0,,,103.7,,6.6,,,,,
20251110,2025-11-10,8Iron,2,shot,70.9,94.2,,-6.2,,,,,,6397.0,,,121.4,,1.9,,,,,
20251110,2025-11-10,8Iron,3,shot,82.1,114.8,,-5.2,,,,,,6594.0,,,157.0,,-9.7,,,,,
20251110,2025-11-10,8Iron,4,shot,69.8,89.9,,-4.0,,,,,,7365.0,,,113.4,,15.5,,,,,
20251110,2025-11-10,8Iron,5,shot,83.7,117.7,,-3.8,,,,,,6506.0,,,162.6,,5.9,,,,,
20251110,2025-11-10,8Iron,6,shot,82.5,114.5,,-4.0,,,,,,6359.0,,,158.0,,4.4,,,,,
20251110,2025-11-10,8Iron,7,shot,79.4,109.6,,-5.2,,,,,,7194.0,,,146.2,,20.7,,,,,
20251110,2025-11-10,8Iron,8,shot,79.0,110.5,,-0.8,,,,,,4064.0,,,147.5,,43.1,,,,,
20251110,2025-11-10,8Iron,9,shot,81.9,108.3,,-3.6,,,,,,6349.0,,,147.2,,7.3,,,,,
20251110,2025-11-10,8Iron,10,shot,70.5,88.8,,-3.1,,,,,,5428.0,,,115.8,,3.5,,,,,
20251110,2025-11-10,8Iron,11,shot,86.1,120.6,,-1.4,,,,,,6123.0,,,168.5,,12.7,,,,,
20251110,2025-11-10,8Iron,12,shot,82.1,115.4,,-5.0,,,,,,6478.0,,,158.7,,7.5,,,,,
20251110,2025-11-10,8Iron,13,shot,69.1,70.0,,-1.2,,,,,,4866.0,,,76.7,,7.5,,,,,
20251110,2025-11-10,8Iron,14,shot,72.0,96.6,,-3.0,,,,,,5293.0,,,129.8,,-16.1,,,,,
20251110,2025-11-10,8Iron,15,shot,65.1,87.7,,-3.6,,,,,,5592.0,,,112.1,,1.7,,,,,
20251110,2025-11-10,8Iron,16,shot,78.3,112.5,,-1.4,,,,,,3495.0,,,164.7,,21.0,,,,,
20251110,2025-11-10,8Iron,17,shot,80.1,108.3,,-4.2,,,,,,6032.0,,,148.3,,0.3,,,,,
20251110,2025-11-10,8Iron,18,shot,82.8,111.6,,-4.8,,,,,,7085.0,,,150.5,,4.2,,,,,
20251110,2025-11-10,8Iron,19,shot,68.0,84.3,,-2.4,,,,,,6241.0,,,105.1,,4.0,,,,,
20251110,2025-11-10,8Iron,,average,76.5,102.2,,-3.5,,,,,,6039.0,,,136.2,,7.4,,,,,
20251110,2025-11-10,8Iron,,consistency,6.5,14.1,,1.5,,,,,,1019.0,,,25.2,,12.0,,,,,
20251114,2025-11-14,Driver,1,shot,88.6,124.8,,-0.1,,,,,,2880.0,,,191.2,,-11.2,,,,,
20251114,2025-11-14,Driver,,average,88.6,124.8,,-0.1,,,,,,2880.0,,,191.2,,-11.2,,,,,
20251114,2025-11-14,Driver,,consistency,,,,,,,,,,,,,,,,,,,,
20251114,2025-11-14,8Iron,1,shot,72.7,98.4,,-4.7,,,,,,5695.0,,,132.4,,-2.5,,,,,
20251114,2025-11-14,8Iron,2,shot,66.7,84.8,,-3.4,,,,,,6304.0,,,104.7,,8.9,,,,,
20251114,2025-11-14,8Iron,3,shot,68.7,88.4,,-6.5,,,,,,5991.0,,,108.0,,4.9,,,,,
20251114,2025-11-14,8Iron,4,shot,69.3,89.9,,-4.4,,,,,,6491.0,,,114.6,,5.0,,,,,
20251114,2025-11-14,8Iron,5,shot,70.9,96.6,,-3.7,,,,,,5553.0,,,129.8,,1.1,,,,,
20251114,2025-11-14,8Iron,6,shot,68.5,85.0,,-4.6,,,,,,7749.0,,,103.2,,21.3,,,,,
20251114,2025-11-14,8Iron,7,shot,70.0,95.7,,-3.6,,,,,,5931.0,,,127.1,,15.2,,,,,
20251114,2025-11-14,8Iron,8,shot,70.7,93.1,,-6.8,,,,,,6649.0,,,117.9,,3.4,,,,,
20251114,2025-11-14,8Iron,9,shot,70.5,92.8,,-2.6,,,,,,5608.0,,,121.9,,-2.4,,,,,
20251114,2025-11-14,8Iron,10,shot,69.8,89.7,,-3.4,,,,,,4525.0,,,112.1,,-11.5,,,,,
20251114,2025-11-14,8Iron,11,shot,70.0,88.4,,,,,,,,6339.0,,,111.8,,-0.3,,,,,
20251114,2025-11-14,8Iron,12,shot,66.4,86.3,,-6.0,,,,,,6238.0,,,106.0,,3.6,,,,,
20251114,2025-11-14,8Iron,13,shot,70.9,85.5,,-1.6,,,,,,5338.0,,,108.8,,5.2,,,,,
20251114,2025-11-14,8Iron,14,shot,70.5,90.4,,-5.7,,,,,,5681.0,,,110.2,,6.1,,,,,
20251114,2025-11-14,8Iron,15,shot,70.5,86.8,,-4.3,,,,,,5913.0,,,102.9,,7.4,,,,,
20251114,2025-11-14,8Iron,16,shot,70.7,91.9,,-2.4,,,,,,4756.0,,,119.2,,-21.3,,,,,
20251114,2025-11-14,8Iron,17,shot,72.9,97.8,,-3.7,,,,,,5499.0,,,131.5,,-15.1,,,,,
20251114,2025-11-14,8Iron,18,shot,71.6,93.5,,-5.2,,,,,,5815.0,,,118.4,,2.4,,,,,
20251114,2025-11-14,8Iron,19,shot,69.8,91.0,,-0.4,,,,,,4545.0,,,120.6,,-13.7,,,,,
20251114,2025-11-14,8Iron,,average,70.0,90.8,,-4.1,,,,,,5822.0,,,115.8,,1.0,,,,,
20251114,2025-11-14,8Iron,,consistency,1.6,4.3,,1.6,,,,,,744.0,,,9.3,,10.2,,,,,
20251114,2025-11-14,5Iron,1,shot,74.7,102.0,,-0.9,,,,,,3724.0,,,143.8,,-16.2,,,,,
20251114,2025-11-14,5Iron,2,shot,74.5,100.4,,-3.5,,,,,,5085.0,,,138.2,,8.1,,,,,
20251114,2025-11-14,5Iron,3,shot,76.3,107.4,,-4.9,,,,,,5121.0,,,149.3,,-2.2,,,,,
20251114,2025-11-14,5Iron,4,shot,77.4,104.7,,-2.7,,,,,,4667.0,,,142.6,,-8.4,,,,,
20251114,2025-11-14,5Iron,5,shot,75.4,101.1,,-3.5,,,,,,5563.0,,,136.7,,8.6,,,,,
20251114,2025-11-14,5Iron,6,shot,75.2,100.9,,-3.3,,,,,,3489.0,,,131.9,,-30.9,,,,,
20251114,2025-11-14,5Iron,,average,75.6,102.7,,-3.1,,,,,,4608.0,,,140.4,,-6.8,,,,,
20251114,2025-11-14,5Iron,,consistency,0.9,2.5,,1.2,,,,,,757.0,,,5.6,,13.9,,,,,
20251201,2025-12-01,8Iron,1,shot,76.1,94.2,,-4.4,,,,,,7836.0,,,119.4,,8.0,,,,,
20251201,2025-12-01,8Iron,2,shot,76.7,104.9,,-5.8,,,,,,5682.0,,,142.7,,-19.6,,,,,
20251201,2025-12-01,8Iron,3,shot,81.9,112.7,,-4.0,,,,,,5886.0,,,156.8,,8.3,,,,,
20251201,2025-12-01,8Iron,4,shot,75.8,97.1,,-3.0,,,,,,7653.0,,,124.8,,4.5,,,,,
20251201,2025-12-01,8Iron,5,shot,85.2,112.7,,-2.6,,,,,,5907.0,,,156.5,,2.4,,,,,
20251201,2025-12-01,8Iron,6,shot,76.1,98.6,,-4.4,,,,,,6141.0,,,130.4,,-8.4,,,,,
20251201,2025-12-01,8Iron,7,shot,74.3,97.8,,-2.6,,,,,,4997.0,,,125.1,,6.7,,,,,
20251201,2025-12-01,8Iron,8,shot,85.9,110.3,,-3.0,,,,,,6426.0,,,149.7,,12.2,,,,,
20251201,2025-12-01,8Iron,9,shot,83.0,114.3,,-3.0,,,,,,5836.0,,,159.3,,3.6,,,,,
20251201,2025-12-01,8Iron,10,shot,84.1,117.2,,-3.2,,,,,,5727.0,,,165.0,,-6.3,,,,,
20251201,2025-12-01,8Iron,11,shot,75.2,97.8,,-4.8,,,,,,7219.0,,,127.0,,10.5,,,,,
20251201,2025-12-01,8Iron,12,shot,74.3,88.4,,-6.8,,,,,,8426.0,,,108.4,,17.3,,,,,
20251201,2025-12-01,8Iron,13,shot,84.8,106.3,,-3.4,,,,,,6275.0,,,144.1,,8.1,,,,,
20251201,2025-12-01,8Iron,14,shot,78.5,101.3,,-2.2,,,,,,5121.0,,,140.1,,-8.7,,,,,
20251201,2025-12-01,8Iron,15,shot,76.3,100.7,,-3.6,,,,,,7489.0,,,130.5,,13.6,,,,,
20251201,2025-12-01,8Iron,16,shot,74.3,102.7,,-2.0,,,,,,5586.0,,,140.9,,-10.0,,,,,
20251201,2025-12-01,8Iron,17,shot,77.8,100.7,,-3.4,,,,,,5995.0,,,135.2,,-2.3,,,,,
20251201,2025-12-01,8Iron,18,shot,84.8,114.8,,-2.6,,,,,,5915.0,,,159.7,,-1.0,,,,,
20251201,2025-12-01,8Iron,19,shot,85.2,111.0,,-4.0,,,,,,6628.0,,,150.2,,13.5,,,,,
20251201,2025-12-01,8Iron,20,shot,86.6,118.6,,-3.4,,,,,,5909.0,,,165.7,,0.4,,,,,
20251201,2025-12-01,8Iron,21,shot,85.5,117.0,,-3.6,,,,,,6138.0,,,161.7,,3.8,,,,,
20251201,2025-12-01,8Iron,22,shot,74.5,93.1,,-3.8,,,,,,6775.0,,,117.9,,13.2,,,,,
20251201,2025-12-01,8Iron,,average,79.9,105.1,,-3.6,,,,,,6344.0,,,141.4,,3.2,,,,,
20251201,2025-12-01,8Iron,,consistency,4.7,8.7,,1.1,,,,,,868.0,,,16.5,,9.2,,,,,
20251203,2025-12-03,Driver,1,shot,93.7,125.0,,4.0,,,,,,1660.0,,,177.1,,6.8,,,,,
20251203,2025-12-03,Driver,,average,93.7,125.0,,4.0,,,,,,1660.0,,,177.1,,6.8,,,,,
20251203,2025-12-03,Driver,,consistency,,,,,,,,,,,,,,,,,,,,
20251203,2025-12-03,8Iron,1,shot,74.0,95.3,,-2.2,,,,,,7001.0,,,123.6,,14.8,,,,,
20251203,2025-12-03,8Iron,2,shot,74.0,100.0,,-1.6,,,,,,6421.0,,,133.0,,-9.0,,,,,
20251203,2025-12-03,8Iron,3,shot,75.2,95.5,,-1.8,,,,,,7371.0,,,122.9,,3.7,,,,,
20251203,2025-12-03,8Iron,4,shot,74.3,96.9,,-3.6,,,,,,7414.0,,,125.3,,2.4,,,,,
20251203,2025-12-03,8Iron,5,shot,74.0,98.0,,-1.6,,,,,,6824.0,,,128.4,,1.1,,,,,
20251203,2025-12-03,8Iron,6,shot,72.0,89.0,,-1.0,,,,,,5995.0,,,113.1,,-1.3,,,,,
20251203,2025-12-03,8Iron,7,shot,73.8,91.7,,-1.8,,,,,,7913.0,,,115.4,,13.8,,,,,
20251203,2025-12-03,8Iron,8,shot,72.9,88.1,,0.2,,,,,,6248.0,,,111.2,,-1.4,,,,,
20251203,2025-12-03,8Iron,9,shot,71.8,92.6,,-1.8,,,,,,6852.0,,,119.1,,3.5,,,,,
20251203,2025-12-03,8Iron,10,shot,75.6,86.6,,-6.9,,,,,,5202.0,,,104.0,,30.7,,,,,
20251203,2025-12-03,8Iron,11,shot,73.8,93.1,,-1.2,,,,,,6979.0,,,119.0,,2.5,,,,,
20251203,2025-12-03,8Iron,12,shot,74.5,96.4,,-2.0,,,,,,7234.0,,,124.7,,4.6,,,,,
20251203,2025-12-03,8Iron,13,shot,75.4,94.8,,-1.0,,,,,,5682.0,,,125.3,,-14.3,,,,,
20251203,2025-12-03,8Iron,14,shot,73.4,91.5,,-3.3,,,,,,5814.0,,,115.3,,-17.9,,,,,
20251203,2025-12-03,8Iron,,average,73.8,93.5,,-2.1,,,,,,6639.0,,,120.0,,2.4,,,,,
20251203,2025-12-03,8Iron,,consistency,1.1,3.8,,1.6,,,,,,742.0,,,7.3,,11.8,,,,,
20251203,2025-12-03,5Iron,1,shot,80.1,117.0,,-0.2,,,,,,4583.0,,,170.8,,-7.9,,,,,
20251203,2025-12-03,5Iron,2,shot,78.7,108.5,,-2.0,,,,,,4262.0,,,138.3,,-25.3,,,,,
20251203,2025-12-03,5Iron,3,shot,77.6,93.5,,1.4,,,,,,3393.0,,,116.3,,-18.5,,,,,
20251203,2025-12-03,5Iron,4,shot,78.5,108.0,,0.2,,,,,,4781.0,,,149.6,,-14.1,,,,,
20251203,2025-12-03,5Iron,5,shot,77.4,113.0,,-1.0,,,,,,4321.0,,,159.9,,-26.1,,,,,
20251203,2025-12-03,5Iron,6,shot,79.6,116.3,,0.2,,,,,,4159.0,,,171.7,,-10.8,,,,,
20251203,2025-12-03,5Iron,,average,78.7,109.4,,-0.2,,,,,,4250.0,,,151.0,,-17.1,,,,,
20251203,2025-12-03,5Iron,,consistency,1.1,7.8,,1.1,,,,,,436.0,,,19.5,,6.9,,,,,
20251208,2025-12-08,8Iron,1,shot,75.6,92.8,,-1.4,,,,,,8532.0,,,115.2,,23.3,,,,,
20251208,2025-12-08,8Iron,2,shot,74.3,100.9,,-1.8,,,,,,5901.0,,,136.2,,-9.0,,,,,
20251208,2025-12-08,8Iron,3,shot,73.4,95.3,,-2.0,,,,,,6983.0,,,123.5,,2.4,,,,,
20251208,2025-12-08,8Iron,4,shot,74.0,89.3,,0.2,,,,,,5542.0,,,115.9,,-9.7,,,,,
20251208,2025-12-08,8Iron,,average,74.3,94.6,,-1.3,,,,,,6739.0,,,122.7,,1.7,,,,,
20251208,2025-12-08,8Iron,,consistency,0.9,4.3,,0.9,,,,,,1163.0,,,8.4,,13.3,,,,,
20251208,2025-12-08,5Iron,1,shot,77.0,111.4,,-0.6,,,,,,3859.0,,,164.5,,-28.8,,,,,
20251208,2025-12-08,5Iron,2,shot,88.4,128.0,,0.8,,,,,,2271.0,,,197.9,,-17.0,,,,,
20251208,2025-12-08,5Iron,3,shot,87.9,127.3,,0.9,,,,,,2992.0,,,161.0,,-46.6,,,,,
20251208,2025-12-08,5Iron,4,shot,76.7,106.7,,-1.2,,,,,,5071.0,,,149.9,,-3.4,,,,,
20251208,2025-12-08,5Iron,5,shot,85.9,109.2,,3.8,,,,,,1857.0,,,151.2,,-10.4,,,,,
20251208,2025-12-08,5Iron,,average,83.2,116.5,,0.7,,,,,,3210.0,,,164.9,,-21.2,,,,,
20251208,2025-12-08,5Iron,,consistency,5.4,9.2,,1.7,,,,,,1153.0,,,17.4,,15.2,,,,,
20251216,2025-12-16,8Iron,1,shot,71.4,90.6,,-4.1,,,,,,6357.0,,,116.7,,1.7,,,,,
20251216,2025-12-16,8Iron,2,shot,78.1,103.1,,2.2,,,,,,2574.0,,,146.5,,-15.2,,,,,
20251216,2025-12-16,8Iron,3,shot,71.6,95.7,,-0.4,,,,,,5465.0,,,128.5,,2.6,,,,,
20251216,2025-12-16,8Iron,4,shot,79.2,105.8,,-1.2,,,,,,4748.0,,,143.8,,11.3,,,,,
20251216,2025-12-16,8Iron,5,shot,78.1,104.0,,1.4,,,,,,5404.0,,,142.7,,27.7,,,,,
20251216,2025-12-16,8Iron,6,shot,73.4,95.3,,0.0,,,,,,6532.0,,,124.3,,4.0,,,,,
20251216,2025-12-16,8Iron,7,shot,85.0,121.9,,1.2,,,,,,4092.0,,,184.1,,-7.2,,,,,
20251216,2025-12-16,8Iron,8,shot,80.1,105.8,,-0.4,,,,,,6182.0,,,142.2,,34.4,,,,,
20251216,2025-12-16,8Iron,9,shot,85.7,121.9,,0.6,,,,,,5388.0,,,175.3,,21.1,,,,,
20251216,2025-12-16,8Iron,,average,78.1,104.9,,-0.1,,,,,,5194.0,,,144.9,,9.0,,,,,
20251216,2025-12-16,8Iron,,consistency,4.9,10.3,,1.7,,,,,,1181.0,,,21.0,,15.3,,,,,
20260106,2026-01-06,8Iron,1,shot,75.2,99.9,1.33,-3.7,2.5,,-4.9,,,5915.0,,,134.1,145.2,,,,,,
20260106,2026-01-06,8Iron,2,shot,74.8,96.6,1.29,-0.5,4.7,,-7.4,,,5299.0,,,128.5,145.0,,,,,,
20260106,2026-01-06,8Iron,3,shot,74.2,100.9,1.36,-1.7,3.7,,-9.1,,,5332.0,,,136.3,151.5,,,,,,
20260106,2026-01-06,8Iron,4,shot,71.5,91.3,1.28,-4.1,-0.9,,6.5,,,7607.0,,,115.1,120.8,,,,,,
20260106,2026-01-06,8Iron,5,shot,74.5,94.4,1.27,-2.1,-2.1,,-1.1,,,6115.0,,,121.2,140.5,,,,,,
20260106,2026-01-06,8Iron,6,shot,73.9,98.2,1.33,-1.1,5.1,,-3.2,,,6314.0,,,130.2,138.6,,,,,,
20260106,2026-01-06,8Iron,7,shot,74.4,96.9,1.3,-2.1,-1.5,,-2.9,,,6322.0,,,127.3,139.8,,,,,,
20260106,2026-01-06,8Iron,8,shot,72.7,91.9,1.26,-1.5,5.7,,-10.0,,,4326.0,,,120.4,144.0,,,,,,
20260106,2026-01-06,8Iron,9,shot,74.7,95.2,1.27,-1.5,5.3,,-2.9,,,5493.0,,,122.9,146.6,,,,,,
20260106,2026-01-06,8Iron,10,shot,72.7,95.9,1.32,-3.5,-0.9,,1.7,,,6394.0,,,126.1,133.4,,,,,,
20260106,2026-01-06,8Iron,11,shot,73.2,103.5,1.41,-1.5,7.5,,-7.3,,,5364.0,,,142.3,153.5,,,,,,
20260106,2026-01-06,8Iron,12,shot,71.1,76.6,1.08,-3.3,-2.3,,8.4,,,6819.0,,,90.3,104.9,,,,,,
20260106,2026-01-06,8Iron,13,shot,72.6,91.8,1.26,-2.3,1.3,,-5.8,,,5097.0,,,120.2,138.6,,,,,,
20260106,2026-01-06,8Iron,14,shot,74.3,97.8,1.32,-3.1,6.1,,2.5,,,6931.0,,,127.2,131.0,,,,,,
20260106,2026-01-06,8Iron,15,shot,74.7,100.4,1.34,-2.3,5.9,,-2.5,,,5979.0,,,135.0,141.3,,,,,,
20260106,2026-01-06,8Iron,16,shot,72.1,87.8,1.22,-4.9,2.7,,3.0,,,7244.0,,,109.7,120.9,,,,,,
20260106,2026-01-06,8Iron,17,shot,74.2,95.1,1.28,-5.5,3.3,,-1.4,,,6471.0,,,122.5,138.8,,,,,,
20260106,2026-01-06,8Iron,18,shot,70.8,91.7,1.29,-4.5,0.7,,6.1,,,7287.0,,,116.5,123.2,,,,,,
20260106,2026-01-06,8Iron,19,shot,71.0,92.0,1.3,-3.1,1.9,,6.9,,,7643.0,,,116.0,120.8,,,,,,
20260106,2026-01-06,8Iron,20,shot,73.0,97.0,1.33,-3.1,-0.5,,-1.9,,,6091.0,,,128.6,139.4,,,,,,
20260106,2026-01-06,8Iron,21,shot,74.5,104.2,1.4,-1.5,8.9,,-9.4,,,5431.0,,,142.4,155.2,,,,,,
20260106,2026-01-06,8Iron,22,shot,75.5,93.8,1.24,-2.3,6.9,,-6.7,,,5529.0,,,123.4,138.3,,,,,,
20260106,2026-01-06,8Iron,23,shot,74.6,100.7,1.35,-2.1,8.5,,-6.8,,,5583.0,,,136.5,147.6,,,,,,
20260106,2026-01-06,8Iron,24,shot,72.1,92.5,1.28,-4.3,-1.3,,3.7,,,7145.0,,,118.3,124.6,,,,,,
20260106,2026-01-06,8Iron,25,shot,75.4,105.2,1.4,-1.7,5.3,,-8.4,,,5583.0,,,143.6,156.7,,,,,,
20260106,2026-01-06,8Iron,26,shot,75.7,102.0,1.35,-2.9,8.1,,-5.5,,,6205.0,,,136.9,146.3,,,,,,
20260106,2026-01-06,8Iron,27,shot,73.0,92.3,1.27,0.1,-0.1,,14.4,,,3565.0,,,77.6,126.1,,,,,,
20260106,2026-01-06,8Iron,28,shot,72.2,95.3,1.32,-3.5,4.9,,-3.8,,,5859.0,,,126.1,138.3,,,,,,
20260106,2026-01-06,8Iron,29,shot,72.5,98.9,1.36,-1.9,3.5,,-1.3,,,6569.0,,,130.8,138.3,,,,,,
20260106,2026-01-06,8Iron,30,shot,74.3,99.0,1.33,-2.7,2.5,,-7.4,,,5747.0,,,132.8,144.7,,,,,,
20260106,2026-01-06,8Iron,31,shot,74.8,93.9,1.25,,,,,,,4337.0,,,113.2,146.6,,,,,,
20260106,2026-01-06,8Iron,32,shot,76.1,103.1,1.35,-2.5,4.5,,-1.0,,,6728.0,,,137.2,142.3,,,,,,
20260106,2026-01-06,8Iron,33,shot,75.9,101.6,1.34,-2.3,5.1,,1.0,,,6949.0,,,133.9,137.9,,,,,,
20260106,2026-01-06,8Iron,34,shot,71.8,89.3,1.24,-1.9,1.5,,2.1,,,6349.0,,,114.6,123.7,,,,,,
20260106,2026-01-06,8Iron,35,shot,69.4,92.6,1.34,-3.3,3.3,,0.3,,,5857.0,,,121.4,133.5,,,,,,
20260106,2026-01-06,8Iron,36,shot,68.9,96.8,1.4,-4.1,5.1,,-3.0,,,5571.0,,,129.2,143.1,,,,,,
20260106,2026-01-06,8Iron,37,shot,76.1,94.6,1.24,-2.3,7.9,,-4.7,,,5809.0,,,124.9,137.3,,,,,,
20260106,2026-01-06,8Iron,38,shot,76.5,99.3,1.3,-0.9,5.3,,-5.4,,,5235.0,,,128.5,156.5,,,,,,
20260106,2026-01-06,8Iron,39,shot,72.6,103.0,1.42,-2.1,6.1,,-9.4,,,5306.0,,,140.5,154.6,,,,,,
20260106,2026-01-06,8Iron,40,shot,73.3,98.4,1.34,-3.1,4.9,,-5.5,,,5625.0,,,132.1,144.6,,,,,,
20260106,2026-01-06,8Iron,,average,73.5,96.3,1.31,-2.6,3.6,,-2.1,,,5976.0,,,125.4,138.9,,,,,,
20260106,2026-01-06,8Iron,,consistency,1.8,5.3,0.06,1.2,3.1,,5.5,,,869.0,,,12.8,11.3,,,,,,
20260106,2026-01-06,5Iron,1,shot,80.0,110.8,1.39,-2.3,4.9,,0.6,,,4625.0,,,159.6,171.9,,,,,,
20260106,2026-01-06,5Iron,2,shot,79.6,111.0,1.39,-0.9,6.1,,-1.7,,,4053.0,,,162.5,177.8,,,,,,
20260106,2026-01-06,5Iron,3,shot,83.7,119.9,1.43,-1.3,4.9,,-4.4,,,4181.0,,,177.4,193.4,,,,,,
20260106,2026-01-06,5Iron,4,shot,80.3,115.7,1.44,-0.3,4.1,,-2.3,,,4121.0,,,171.2,185.8,,,,,,
20260106,2026-01-06,5Iron,5,shot,80.4,115.9,1.44,-1.5,0.7,,-3.7,,,4528.0,,,166.4,185.9,,,,,,
20260106,2026-01-06,5Iron,6,shot,80.4,107.9,1.34,-2.5,7.1,,-12.3,,,3336.0,,,137.9,181.3,,,,,,
20260106,2026-01-06,5Iron,7,shot,82.5,118.6,1.44,-1.3,6.5,,-5.2,,,4031.0,,,175.0,193.4,,,,,,
20260106,2026-01-06,5Iron,8,shot,81.3,117.1,1.44,-2.3,4.7,,-3.5,,,2542.0,,,178.2,210.0,,,,,,
20260106,2026-01-06,5Iron,,average,81.0,114.6,1.41,-1.6,4.9,,-4.1,,,3927.0,,,166.0,187.4,,,,,,
20260106,2026-01-06,5Iron,,consistency,1.3,4.0,0.03,0.7,1.8,,3.5,,,637.0,,,12.4,10.9,,,,,,
20260108,2026-01-08,8Iron,1,shot,66.0,65.5,,-2.7,,,,,,4371.0,,,69.8,,2.7,,,,,
20260108,2026-01-08,8Iron,2,shot,73.6,94.4,,1.8,,,,,,3787.0,,,127.2,,-31.4,,,,,
20260108,2026-01-08,8Iron,3,shot,73.1,85.7,,1.6,,,,,,4907.0,,,111.2,,5.5,,,,,
20260108,2026-01-08,8Iron,4,shot,72.9,96.2,,1.6,,,,,,5883.0,,,127.6,,-3.8,,,,,
20260108,2026-01-08,8Iron,5,shot,70.7,91.5,,0.0,,,,,,4405.0,,,121.5,,-11.7,,,,,
20260108,2026-01-08,8Iron,6,shot,74.0,96.6,,-0.8,,,,,,5798.0,,,129.0,,0.7,,,,,
20260108,2026-01-08,8Iron,7,shot,72.0,96.6,,-0.6,,,,,,4592.0,,,125.9,,-14.5,,,,,
20260108,2026-01-08,8Iron,8,shot,70.9,87.7,,-0.8,,,,,,6787.0,,,110.6,,10.2,,,,,
20260108,2026-01-08,8Iron,9,shot,67.6,91.9,,-3.6,,,,,,3918.0,,,89.6,,17.4,,,,,
20260108,2026-01-08,8Iron,10,shot,66.4,85.5,,-2.8,,,,,,6324.0,,,106.4,,5.5,,,,,
20260108,2026-01-08,8Iron,11,shot,69.8,84.3,,-1.6,,,,,,7011.0,,,104.3,,13.7,,,,,
20260108,2026-01-08,8Iron,12,shot,66.7,83.0,,-0.8,,,,,,7059.0,,,101.7,,20.3,,,,,
20260108,2026-01-08,8Iron,13,shot,66.2,73.1,,1.0,,,,,,3966.0,,,84.9,,-5.7,,,,,
20260108,2026-01-08,8Iron,14,shot,71.6,92.2,,-1.0,,,,,,5778.0,,,120.6,,5.0,,,,,
20260108,2026-01-08,8Iron,15,shot,67.3,86.6,,-2.6,,,,,,4618.0,,,110.1,,-12.0,,,,,
20260108,2026-01-08,8Iron,16,shot,69.8,88.1,,-1.4,,,,,,6193.0,,,112.6,,6.0,,,,,
20260108,2026-01-08,8Iron,17,shot,72.5,94.2,,0.8,,,,,,5551.0,,,124.9,,9.4,,,,,
20260108,2026-01-08,8Iron,,average,70.0,87.9,,-0.7,,,,,,5350.0,,,110.5,,1.0,,,,,
20260108,2026-01-08,8Iron,,consistency,2.7,8.1,,1.6,,,,,,1076.0,,,16.2,,12.7,,,,,
20260108,2026-01-08,5Iron,1,shot,78.3,110.3,,0.0,,,,,,4005.0,,,158.1,,-14.1,,,,,
20260108,2026-01-08,5Iron,2,shot,76.1,103.8,,1.0,,,,,,2679.0,,,128.0,,-35.9,,,,,
20260108,2026-01-08,5Iron,3,shot,77.8,113.0,,1.1,,,,,,3552.0,,,169.0,,-4.4,,,,,
20260108,2026-01-08,5Iron,4,shot,76.7,95.3,,2.2,,,,,,2924.0,,,131.3,,-0.5,,,,,
20260108,2026-01-08,5Iron,5,shot,78.1,106.3,,1.8,,,,,,3015.0,,,151.7,,-26.1,,,,,
20260108,2026-01-08,5Iron,,average,77.4,105.6,,1.2,,,,,,3235.0,,,147.6,,-16.2,,,,,
20260108,2026-01-08,5Iron,,consistency,0.9,6.0,,0.8,,,,,,479.0,,,15.7,,13.2,,,,,
20260116,2026-01-16,8Iron,1,shot,73.8,93.7,,-0.8,,,,,,7144.0,,,120.3,,6.8,,,,,
20260116,2026-01-16,8Iron,2,shot,72.7,90.6,,-2.9,,,,,,6427.0,,,116.4,,-3.0,,,,,
20260116,2026-01-16,8Iron,3,shot,73.4,97.5,,-2.8,,,,,,7426.0,,,125.9,,10.0,,,,,
20260116,2026-01-16,8Iron,4,shot,73.4,95.3,,-1.8,,,,,,6524.0,,,124.5,,2.3,,,,,
20260116,2026-01-16,8Iron,5,shot,73.6,90.1,,-1.4,,,,,,6690.0,,,115.2,,16.4,,,,,
20260116,2026-01-16,8Iron,6,shot,73.6,88.6,,-0.8,,,,,,4830.0,,,115.0,,-8.2,,,,,
20260116,2026-01-16,8Iron,,average,73.4,92.6,,-1.8,,,,,,6507.0,,,119.5,,4.0,,,,,
20260116,2026-01-16,8Iron,,consistency,0.4,3.1,,0.9,,,,,,827.0,,,4.4,,8.2,,,,,
20260116,2026-01-16,5Iron,1,shot,82.5,99.8,,0.4,,,,,,5730.0,,,134.7,,-8.1,,,,,
20260116,2026-01-16,5Iron,2,shot,85.0,116.3,,-1.4,,,,,,4130.0,,,170.7,,-15.1,,,,,
20260116,2026-01-16,5Iron,3,shot,77.0,109.2,,-1.4,,,,,,4900.0,,,155.3,,14.2,,,,,
20260116,2026-01-16,5Iron,4,shot,86.1,122.4,,-1.8,,,,,,4810.0,,,179.2,,16.8,,,,,
20260116,2026-01-16,5Iron,5,shot,79.6,97.1,,0.0,,,,,,4000.0,,,128.7,,-7.4,,,,,
20260116,2026-01-16,5Iron,6,shot,77.6,102.9,,-0.2,,,,,,4280.0,,,143.8,,-2.5,,,,,
20260116,2026-01-16,5Iron,7,shot,83.2,114.3,,-2.3,,,,,,5530.0,,,161.1,,1.9,,,,,
20260116,2026-01-16,5Iron,8,shot,82.5,118.1,,-3.2,,,,,,4850.0,,,171.9,,30.4,,,,,
20260116,2026-01-16,5Iron,,average,81.6,110.1,,-1.2,,,,,,4779.0,,,155.7,,3.8,,,,,
20260116,2026-01-16,5Iron,,consistency,3.1,8.7,,1.2,,,,,,588.0,,,17.3,,14.4,,,,,
20260921,2026-09-21,Driver,1,shot,87.2,130.0,,1.4,,,,,,2535.0,,,201.3,,26.0,,,,,
20260921,2026-09-21,Driver,2,shot,90.6,135.3,,3.7,,,,,,1630.0,,,172.8,,-21.2,,,,,
20260921,2026-09-21,Driver,,average,89.0,132.7,,2.5,,,,,,2082.0,,,187.1,,2.4,,,,,
20260921,2026-09-21,Driver,,consistency,1.8,2.7,,1.2,,,,,,452.0,,,14.3,,23.6,,,,,
20260921,2026-09-21,7Iron,1,shot,71.8,98.2,,-2.2,,,,,,6128.0,,,130.6,,14.3,,,,,
20260921,2026-09-21,7Iron,2,shot,72.7,97.3,,-3.0,,,,,,6862.0,,,126.9,,16.0,,,,,
20260921,2026-09-21,7Iron,3,shot,72.0,95.7,,-1.2,,,,,,5381.0,,,128.0,,-2.8,,,,,
20260921,2026-09-21,7Iron,4,shot,73.1,100.2,,-1.6,,,,,,5796.0,,,135.6,,4.8,,,,,
20260921,2026-09-21,7Iron,5,shot,72.9,101.8,,-2.8,,,,,,5795.0,,,138.1,,-2.1,,,,,
20260921,2026-09-21,7Iron,6,shot,73.8,99.1,,-3.0,,,,,,6595.0,,,130.9,,10.2,,,,,
20260921,2026-09-21,7Iron,7,shot,72.7,99.8,,-1.6,,,,,,5669.0,,,135.3,,-0.2,,,,,
20260921,2026-09-21,7Iron,8,shot,73.4,98.6,,-1.8,,,,,,6666.0,,,129.9,,7.8,,,,,
20260921,2026-09-21,7Iron,9,shot,73.4,102.0,,-2.6,,,,,,5875.0,,,138.2,,-5.0,,,,,
20260921,2026-09-21,7Iron,10,shot,72.7,94.0,,-2.2,,,,,,7205.0,,,119.9,,21.7,,,,,
20260921,2026-09-21,7Iron,11,shot,73.6,94.4,,-2.0,,,,,,7379.0,,,120.7,,24.6,,,,,
20260921,2026-09-21,7Iron,12,shot,72.3,100.7,,-3.2,,,,,,5889.0,,,135.6,,-1.4,,,,,
20260921,2026-09-21,7Iron,13,shot,73.1,98.2,,-3.0,,,,,,6528.0,,,129.4,,7.5,,,,,
20260921,2026-09-21,7Iron,14,shot,72.5,90.1,,-3.0,,,,,,7043.0,,,110.8,,14.3,,,,,
20260921,2026-09-21,7Iron,,average,72.9,98.0,,-2.4,,,,,,6344.0,,,129.3,,7.9,,,,,
20260921,2026-09-21,7Iron,,consistency,0.7,3.1,,0.6,,,,,,611.0,,,7.5,,9.1,,,,,
20260922,2026-09-22,8Iron,1,shot,71.6,94.6,,-2.4,,,,,,6073.0,,,124.3,,-5.9,,,,,
20260922,2026-09-22,8Iron,2,shot,72.3,90.8,,-2.4,,,,,,7493.0,,,114.4,,12.5,,,,,
20260922,2026-09-22,8Iron,3,shot,72.3,79.4,,-0.8,,,,,,4536.0,,,95.3,,-7.0,,,,,
20260922,2026-09-22,8Iron,4,shot,72.7,93.5,,-2.2,,,,,,7032.0,,,120.3,,5.2,,,,,
20260922,2026-09-22,8Iron,5,shot,71.8,91.3,,-3.2,,,,,,7543.0,,,115.6,,2.2,,,,,
20260922,2026-09-22,8Iron,6,shot,69.8,74.9,,-0.6,,,,,,4685.0,,,86.1,,-4.8,,,,,
20260922,2026-09-22,8Iron,7,shot,68.9,81.6,,,,,,,,7950.0,,,98.5,,4.8,,,,,
20260922,2026-09-22,8Iron,8,shot,72.7,96.0,,-2.2,,,,,,6644.0,,,125.3,,1.0,,,,,
20260922,2026-09-22,8Iron,9,shot,71.8,93.5,,-1.8,,,,,,6287.0,,,121.9,,-6.1,,,,,
20260922,2026-09-22,8Iron,10,shot,72.9,94.6,,-1.8,,,,,,6088.0,,,124.5,,4.7,,,,,
20260922,2026-09-22,8Iron,11,shot,72.5,91.3,,-1.4,,,,,,5664.0,,,119.3,,0.7,,,,,
20260922,2026-09-22,8Iron,,average,71.8,89.3,,-1.9,,,,,,6363.0,,,113.2,,0.7,,,,,
20260922,2026-09-22,8Iron,,consistency,1.1,6.7,,0.7,,,,,,1067.0,,,12.9,,5.8,,,,,
20260930,2026-09-30,Driver,1,shot,,134.1,1.48,-0.7,-1.1,,-4.3,,,2970.0,,,208.4,,,,-13.5,,,
20260930,2026-09-30,Driver,2,shot,,131.2,1.48,2.8,0.8,,-0.9,,,1630.0,,,194.4,,,,-8.7,,,
20260930,2026-09-30,Driver,,average,,132.7,1.48,1.0,-0.2,,-2.6,,,2300.0,,,201.4,,,,-11.1,,,
20260930,2026-09-30,Driver,,consistency,,1.5,0.0,1.7,1.0,,1.7,,,670.0,,,7.0,,,,2.4,,,
20260930,2026-09-30,7Iron,1,shot,,102.5,1.38,-1.6,-4.6,,-3.6,,,4871.0,,,142.0,,,,-6.8,,,
20260930,2026-09-30,7Iron,2,shot,,96.8,1.32,-2.0,-6.2,,2.9,,,5435.0,,,130.1,,,,4.7,,,
20260930,2026-09-30,7Iron,3,shot,,100.3,1.34,-2.2,-3.8,,5.5,,,6391.0,,,133.5,,,,9.4,,,
20260930,2026-09-30,7Iron,4,shot,,92.9,1.24,-1.2,-3.8,,-0.1,,,4877.0,,,122.5,,,,-0.0,,,
20260930,2026-09-30,7Iron,5,shot,,95.6,1.29,-1.0,-7.0,,-0.0,,,4802.0,,,129.1,,,,0.1,,,
20260930,2026-09-30,7Iron,6,shot,,98.8,1.29,-1.6,-6.6,,1.1,,,5240.0,,,134.4,,,,2.0,,,
20260930,2026-09-30,7Iron,,average,,97.8,1.31,-1.6,-5.3,,1.0,,,5269.0,,,131.9,,,,1.6,,,
20260930,2026-09-30,7Iron,,consistency,,3.1,0.04,0.4,1.3,,2.8,,,550.0,,,5.9,,,,4.9,,,
